player_id,side,pillar_coverage,pillar_reaction,overall_0_100,per10,pillar_anticipation,pillar_execution,pillar_separation,pillar_innovation,pillar_eyes
35452.0,DB,,0.45454545454545453,45.5,,,,,,
35459.0,DB,0.45454545454545453,0.6304347826086957,54.2,,,,,,
37078.0,DB,0.3684210526315789,0.3076923076923077,33.8,,,,,,
37097.0,DB,,0.45454545454545453,45.5,,,,,,
37139.0,WR,,,50.4,5.2,0.4166666666666667,0.5833333333333334,0.5,0.5833333333333334,0.5
37145.0,DB,,0.35714285714285715,35.7,,,,,,
38540.0,DB,0.3157894736842105,0.4375,37.7,,,,,,
38559.0,DB,0.35714285714285715,0.7142857142857143,53.6,,,,,,
38577.0,DB,0.3125,0.38095238095238093,34.7,,,,,,
38588.0,DB,0.21739130434782608,0.24193548387096775,23.0,,,,,,
38607.0,DB,0.38461538461538464,0.16363636363636364,27.4,,,,,,
38696.0,WR,,,52.1,5.3,0.42857142857142855,0.6428571428571429,0.5714285714285714,0.5714285714285714,0.42857142857142855
38707.0,DB,0.5,0.35,42.5,,,,,,
38843.0,DB,,0.5263157894736842,52.6,,,,,,
38868.0,DB,0.4166666666666667,0.5978260869565217,50.7,,,,,,
39973.0,WR,,,47.3,4.8,0.3076923076923077,0.8076923076923077,0.5769230769230769,0.46153846153846156,0.23076923076923078
39983.0,WR,,,56.5,5.7,0.4583333333333333,0.7916666666666666,0.625,0.5833333333333334,0.375
39984.0,DB,0.36363636363636365,0.3176470588235294,34.1,,,,,,
39989.0,WR,,,54.4,5.5,0.36,0.8,0.72,0.52,0.36
40011.0,WR,,,52.5,5.2,0.4444444444444444,0.7222222222222222,0.6111111111111112,0.4444444444444444,0.3888888888888889
40017.0,DB,0.29411764705882354,0.43548387096774194,36.5,,,,,,
40024.0,WR,,,50.6,5.1,0.3333333333333333,0.8148148148148148,0.6296296296296297,0.4444444444444444,0.3333333333333333
40026.0,WR,,,48.8,4.9,0.38461538461538464,0.6153846153846154,0.6153846153846154,0.38461538461538464,0.46153846153846156
40107.0,DB,0.45454545454545453,0.75,60.2,,,,,,
40129.0,WR,,,50.0,5.1,0.38461538461538464,0.6153846153846154,0.6153846153846154,0.46153846153846156,0.46153846153846156
40166.0,DB,0.4166666666666667,0.675,54.6,,,,,,
40488.0,WR,,,53.7,5.5,0.3684210526315789,0.7368421052631579,0.6842105263157895,0.5263157894736842,0.42105263157894735
41227.0,DB,,0.38461538461538464,38.5,,,,,,
41231.0,DB,,0.42857142857142855,42.9,,,,,,
41233.0,WR,,,49.2,5.1,0.2692307692307692,0.8076923076923077,0.6153846153846154,0.46153846153846156,0.38461538461538464
41238.0,WR,,,48.4,5.0,0.3125,0.6875,0.5625,0.5625,0.375
41243.0,DB,0.35714285714285715,0.5074626865671642,43.2,,,,,,
41246.0,WR,,,49.3,5.0,0.35714285714285715,0.6428571428571429,0.6428571428571429,0.5,0.35714285714285715
41282.0,WR,,,50.2,5.2,0.24,0.8,0.72,0.44,0.4
41290.0,WR,,,53.8,5.5,0.35294117647058826,0.7058823529411765,0.7058823529411765,0.47058823529411764,0.5294117647058824
41325.0,WR,,,47.7,4.9,0.3333333333333333,0.6666666666666666,0.4666666666666667,0.4666666666666667,0.5333333333333333
41349.0,WR,,,57.6,5.9,0.42105263157894735,0.7368421052631579,0.6842105263157895,0.6842105263157895,0.42105263157894735
41464.0,DB,,0.4166666666666667,41.7,,,,,,
41915.0,DB,0.45454545454545453,0.3333333333333333,39.4,,,,,,
42031.0,DB,0.45454545454545453,0.45454545454545453,45.5,,,,,,
42094.0,DB,0.45454545454545453,0.3333333333333333,39.4,,,,,,
42116.0,DB,0.45454545454545453,0.4583333333333333,45.6,,,,,,
42346.0,DB,0.45454545454545453,0.45454545454545453,45.5,,,,,,
42347.0,WR,,,47.6,5.0,0.21739130434782608,0.782608695652174,0.6521739130434783,0.5217391304347826,0.30434782608695654
42357.0,WR,,,48.8,5.0,0.3125,0.6875,0.625,0.5,0.375
42361.0,DB,0.25,0.27692307692307694,26.3,,,,,,
42363.0,WR,,,51.6,5.2,0.375,0.6875,0.625,0.5,0.4375
42368.0,DB,0.4166666666666667,0.5769230769230769,49.7,,,,,,
42372.0,WR,,,50.5,5.1,0.45454545454545453,0.5454545454545454,0.5454545454545454,0.45454545454545453,0.5454545454545454
42377.0,WR,,,50.5,5.1,0.45454545454545453,0.5454545454545454,0.5454545454545454,0.45454545454545453,0.5454545454545454
42381.0,DB,0.45454545454545453,0.5,47.7,,,,,,
42388.0,DB,0.4166666666666667,0.4523809523809524,43.5,,,,,,
42391.0,DB,0.42857142857142855,0.275,35.2,,,,,,
42393.0,DB,0.4090909090909091,0.4230769230769231,41.6,,,,,,
42397.0,WR,,,50.4,5.2,0.4166666666666667,0.5833333333333334,0.5,0.5,0.5833333333333334
42401.0,DB,,0.38461538461538464,38.5,,,,,,
42406.0,DB,0.45454545454545453,0.46153846153846156,45.8,,,,,,
42412.0,WR,,,53.0,5.5,0.3,0.75,0.7,0.55,0.45
42427.0,DB,0.38461538461538464,0.375,38.0,,,,,,
42431.0,DB,,0.38461538461538464,38.5,,,,,,
42437.0,WR,,,49.6,5.0,0.4166666666666667,0.5833333333333334,0.5833333333333334,0.5,0.4166666666666667
42441.0,DB,0.4,0.2,30.0,,,,,,
42460.0,WR,,,48.1,4.8,0.46153846153846156,0.6153846153846154,0.46153846153846156,0.46153846153846156,0.38461538461538464
42465.0,DB,,0.38461538461538464,38.5,,,,,,
42467.0,DB,0.35714285714285715,0.34146341463414637,34.9,,,,,,
42485.0,DB,0.45454545454545453,0.6071428571428571,53.1,,,,,,
42488.0,DB,,0.45454545454545453,45.5,,,,,,
42489.0,WR,,,53.0,5.6,0.25925925925925924,0.8148148148148148,0.6666666666666666,0.5185185185185185,0.5185185185185185
42511.0,WR,,,51.8,5.1,0.5454545454545454,0.5454545454545454,0.5454545454545454,0.45454545454545453,0.45454545454545453
42543.0,DB,0.4166666666666667,0.5675675675675675,49.2,,,,,,
42547.0,WR,,,57.6,6.0,0.3333333333333333,0.7619047619047619,0.7619047619047619,0.5238095238095238,0.6190476190476191
42718.0,WR,,,51.2,5.1,0.46153846153846156,0.6153846153846154,0.6153846153846154,0.46153846153846156,0.38461538461538464
42794.0,WR,,,53.2,5.3,0.5454545454545454,0.5454545454545454,0.5454545454545454,0.45454545454545453,0.5454545454545454
42816.0,DB,0.3333333333333333,0.30303030303030304,31.8,,,,,,
42929.0,DB,0.35294117647058826,0.4318181818181818,39.2,,,,,,
43296.0,DB,,0.45454545454545453,45.5,,,,,,
43298.0,DB,0.45454545454545453,0.45454545454545453,45.5,,,,,,
43299.0,DB,0.3,0.32727272727272727,31.4,,,,,,
43306.0,DB,0.29411764705882354,0.6666666666666666,48.0,,,,,,
43314.0,DB,0.5,0.5862068965517241,54.3,,,,,,
43324.0,WR,,,60.7,5.9,0.6190476190476191,0.7619047619047619,0.6666666666666666,0.5714285714285714,0.3333333333333333
43327.0,DB,0.4,0.4126984126984127,40.6,,,,,,
43329.0,WR,,,51.7,5.3,0.4166666666666667,0.5833333333333334,0.5,0.5833333333333334,0.5833333333333334
43333.0,DB,,0.45454545454545453,45.5,,,,,,
43334.0,WR,,,49.6,5.0,0.4166666666666667,0.5833333333333334,0.5833333333333334,0.4166666666666667,0.5
43336.0,WR,,,50.2,5.2,0.25,0.7916666666666666,0.625,0.4583333333333333,0.5
43344.0,WR,,,52.6,5.4,0.35294117647058826,0.7058823529411765,0.6470588235294118,0.5882352941176471,0.4117647058823529
43350.0,DB,0.38461538461538464,0.7021276595744681,54.3,,,,,,
43351.0,DB,0.35294117647058826,0.3111111111111111,33.2,,,,,,
43353.0,DB,0.35714285714285715,0.5714285714285714,46.4,,,,,,
43366.0,DB,,0.45454545454545453,45.5,,,,,,
43370.0,WR,,,48.8,4.9,0.38461538461538464,0.6153846153846154,0.6153846153846154,0.46153846153846156,0.38461538461538464
43373.0,DB,0.35714285714285715,0.2962962962962963,32.7,,,,,,
43387.0,DB,0.3333333333333333,0.6140350877192983,47.4,,,,,,
43395.0,DB,,0.4230769230769231,42.3,,,,,,
43396.0,WR,,,47.3,4.7,0.45454545454545453,0.5454545454545454,0.45454545454545453,0.45454545454545453,0.45454545454545453
43399.0,WR,,,55.8,5.4,0.5789473684210527,0.7368421052631579,0.631578947368421,0.42105263157894735,0.3157894736842105
43404.0,DB,0.3333333333333333,0.3958333333333333,36.5,,,,,,
43411.0,DB,,0.45454545454545453,45.5,,,,,,
43426.0,DB,,0.45454545454545453,45.5,,,,,,
43435.0,DB,0.35714285714285715,0.23809523809523808,29.8,,,,,,
43436.0,DB,,0.5454545454545454,54.5,,,,,,
43454.0,WR,,,52.2,5.3,0.3448275862068966,0.8275862068965517,0.6206896551724138,0.3793103448275862,0.4827586206896552
43474.0,DB,0.45454545454545453,0.47619047619047616,46.5,,,,,,
43497.0,DB,0.45454545454545453,0.4074074074074074,43.1,,,,,,
43503.0,DB,0.46153846153846156,0.36363636363636365,41.3,,,,,,
43522.0,DB,0.45454545454545453,0.6521739130434783,55.3,,,,,,
43533.0,DB,0.38461538461538464,0.4888888888888889,43.7,,,,,,
43584.0,WR,,,53.5,5.4,0.46153846153846156,0.6153846153846154,0.6153846153846154,0.46153846153846156,0.5384615384615384
43641.0,DB,0.4375,0.29545454545454547,36.6,,,,,,
43694.0,DB,,0.45454545454545453,45.5,,,,,,
43700.0,DB,0.5833333333333334,0.4074074074074074,49.5,,,,,,
43797.0,DB,,0.38461538461538464,38.5,,,,,,
43971.0,WR,,,49.6,5.1,0.38461538461538464,0.6153846153846154,0.5384615384615384,0.5384615384615384,0.46153846153846156
43986.0,DB,,0.5,50.0,,,,,,
44174.0,DB,,0.45454545454545453,45.5,,,,,,
44792.0,WR,,,50.8,5.2,0.4166666666666667,0.5833333333333334,0.5833333333333334,0.5,0.5
44813.0,DB,,0.4166666666666667,41.7,,,,,,
44819.0,WR,,,46.3,4.8,0.25,0.75,0.55,0.4,0.45
44820.0,WR,,,52.3,5.2,0.4666666666666667,0.6666666666666666,0.6,0.5333333333333333,0.3333333333333333
44823.0,DB,0.5625,0.22033898305084745,39.1,,,,,,
44827.0,DB,0.45454545454545453,0.5116279069767442,48.3,,,,,,
44830.0,DB,0.3684210526315789,0.4339622641509434,40.1,,,,,,
44834.0,DB,0.45454545454545453,0.2631578947368421,35.9,,,,,,
44835.0,WR,,,47.9,4.8,0.35294117647058826,0.7058823529411765,0.5882352941176471,0.35294117647058826,0.4117647058823529
44837.0,DB,0.3333333333333333,0.7142857142857143,52.4,,,,,,
44839.0,DB,0.375,0.4878048780487805,43.1,,,,,,
44841.0,WR,,,48.8,5.0,0.3125,0.6875,0.625,0.4375,0.4375
44842.0,DB,0.45454545454545453,0.42857142857142855,44.2,,,,,,
44848.0,DB,0.45454545454545453,0.8125,63.4,,,,,,
44849.0,WR,,,45.5,4.6,0.2727272727272727,0.7727272727272727,0.5454545454545454,0.3181818181818182,0.4090909090909091
44851.0,DB,0.4166666666666667,0.5245901639344263,47.1,,,,,,
44852.0,WR,,,51.6,5.2,0.375,0.6875,0.625,0.5,0.4375
44853.0,WR,,,49.2,5.0,0.4166666666666667,0.5833333333333334,0.5,0.5,0.5
44854.0,DB,0.4166666666666667,0.6,50.8,,,,,,
44856.0,WR,,,50.7,5.2,0.3333333333333333,0.6666666666666666,0.6666666666666666,0.4666666666666667,0.4666666666666667
44860.0,WR,,,48.8,4.9,0.35294117647058826,0.7058823529411765,0.5882352941176471,0.35294117647058826,0.47058823529411764
44862.0,DB,0.3333333333333333,0.6071428571428571,47.0,,,,,,
44869.0,DB,0.3,0.26666666666666666,28.3,,,,,,
44872.0,DB,0.42857142857142855,0.2826086956521739,35.6,,,,,,
44874.0,WR,,,54.2,5.5,0.42105263157894735,0.7368421052631579,0.631578947368421,0.631578947368421,0.3157894736842105
44878.0,DB,0.3333333333333333,0.391304347826087,36.2,,,,,,
44888.0,DB,0.42857142857142855,0.22580645161290322,32.7,,,,,,
44893.0,DB,,0.42857142857142855,42.9,,,,,,
44896.0,WR,,,50.5,5.0,0.4,0.75,0.65,0.45,0.25
44901.0,WR,,,49.6,5.0,0.4166666666666667,0.5833333333333334,0.5833333333333334,0.4166666666666667,0.5
44902.0,DB,0.5833333333333334,0.3125,44.8,,,,,,
44903.0,DB,0.45454545454545453,0.45454545454545453,45.5,,,,,,
44904.0,DB,0.45454545454545453,0.375,41.5,,,,,,
44906.0,DB,0.35294117647058826,0.3888888888888889,37.1,,,,,,
44911.0,DB,0.35294117647058826,0.3548387096774194,35.4,,,,,,
44912.0,WR,,,50.8,5.1,0.46153846153846156,0.6153846153846154,0.5384615384615384,0.46153846153846156,0.46153846153846156
44915.0,DB,,0.38461538461538464,38.5,,,,,,
44917.0,WR,,,49.6,5.0,0.4166666666666667,0.5833333333333334,0.5833333333333334,0.4166666666666667,0.5
44925.0,DB,0.46153846153846156,0.6578947368421053,56.0,,,,,,
44926.0,DB,0.3181818181818182,0.7464788732394366,53.2,,,,,,
44927.0,WR,,,49.7,5.2,0.29411764705882354,0.7058823529411765,0.5882352941176471,0.35294117647058826,0.6470588235294118
44930.0,WR,,,46.9,4.9,0.23809523809523808,0.7619047619047619,0.6190476190476191,0.42857142857142855,0.38095238095238093
44931.0,WR,,,51.4,5.2,0.3333333333333333,0.7222222222222222,0.7222222222222222,0.3888888888888889,0.4444444444444444
44938.0,DB,,0.45454545454545453,45.5,,,,,,
44947.0,WR,,,49.2,4.8,0.5,0.5833333333333334,0.5,0.4166666666666667,0.4166666666666667
44957.0,DB,,0.45454545454545453,45.5,,,,,,
44959.0,WR,,,53.6,5.4,0.3888888888888889,0.7222222222222222,0.6666666666666666,0.5,0.4444444444444444
44962.0,DB,0.38461538461538464,0.6896551724137931,53.7,,,,,,
44974.0,DB,,0.36666666666666664,36.7,,,,,,
44976.0,DB,0.3333333333333333,0.5,41.7,,,,,,
44978.0,WR,,,50.5,5.1,0.45454545454545453,0.5454545454545454,0.5454545454545454,0.45454545454545453,0.5454545454545454
44995.0,WR,,,49.2,5.0,0.4166666666666667,0.5833333333333334,0.5,0.5,0.5
45004.0,DB,0.45454545454545453,0.6382978723404256,54.6,,,,,,
45021.0,DB,0.3125,0.43859649122807015,37.6,,,,,,
45052.0,WR,,,51.7,5.2,0.5,0.5833333333333334,0.5,0.5,0.5
45102.0,WR,,,50.4,5.0,0.5,0.5833333333333334,0.5,0.4166666666666667,0.5
45185.0,WR,,,52.9,5.3,0.35714285714285715,0.8214285714285714,0.75,0.4642857142857143,0.25
45215.0,DB,,0.4375,43.8,,,,,,
45287.0,DB,0.3125,0.47761194029850745,39.5,,,,,,
45345.0,DB,0.45454545454545453,0.2558139534883721,35.5,,,,,,
45571.0,DB,0.2727272727272727,0.18181818181818182,22.7,,,,,,
45573.0,WR,,,48.3,4.9,0.3333333333333333,0.6666666666666666,0.6,0.4666666666666667,0.4
45635.0,WR,,,49.2,5.0,0.4166666666666667,0.5833333333333334,0.5,0.5833333333333334,0.4166666666666667
45900.0,WR,,,50.9,5.3,0.29411764705882354,0.7058823529411765,0.6470588235294118,0.5294117647058824,0.47058823529411764
46071.0,WR,,,53.8,5.5,0.35,0.75,0.7,0.4,0.55
46073.0,DB,0.2608695652173913,0.43478260869565216,34.8,,,,,,
46074.0,DB,,0.35714285714285715,35.7,,,,,,
46077.0,DB,0.42857142857142855,0.22950819672131148,32.9,,,,,,
46080.0,DB,0.38461538461538464,0.6,49.2,,,,,,
46081.0,DB,,0.45454545454545453,45.5,,,,,,
46085.0,DB,0.375,0.375,37.5,,,,,,
46086.0,DB,0.3125,0.5,40.6,,,,,,
46087.0,DB,0.3888888888888889,0.6346153846153846,51.2,,,,,,
46088.0,DB,0.45454545454545453,0.35,40.2,,,,,,
46093.0,WR,,,51.2,5.3,0.29411764705882354,0.7058823529411765,0.7058823529411765,0.47058823529411764,0.47058823529411764
46094.0,WR,,,50.2,5.1,0.3,0.75,0.75,0.35,0.4
46095.0,WR,,,46.2,4.7,0.2916666666666667,0.7916666666666666,0.5833333333333334,0.2916666666666667,0.375
46096.0,WR,,,49.1,4.9,0.45454545454545453,0.5454545454545454,0.5454545454545454,0.45454545454545453,0.45454545454545453
46097.0,DB,0.3333333333333333,0.6274509803921569,48.0,,,,,,
46099.0,DB,,0.45454545454545453,45.5,,,,,,
46104.0,WR,,,52.1,5.3,0.4166666666666667,0.5833333333333334,0.5833333333333334,0.5,0.5833333333333334
46105.0,DB,0.38461538461538464,0.3076923076923077,34.6,,,,,,
46109.0,WR,,,49.3,5.2,0.22727272727272727,0.7727272727272727,0.6363636363636364,0.5,0.45454545454545453
46110.0,DB,0.38461538461538464,0.22727272727272727,30.6,,,,,,
46111.0,WR,,,55.6,5.4,0.5,0.7222222222222222,0.7222222222222222,0.4444444444444444,0.3333333333333333
46116.0,WR,,,51.8,5.3,0.3,0.75,0.75,0.45,0.4
46117.0,DB,,0.3333333333333333,33.3,,,,,,
46118.0,WR,,,47.5,4.9,0.3125,0.6875,0.5625,0.4375,0.4375
46122.0,DB,0.35294117647058826,0.38461538461538464,36.9,,,,,,
46123.0,DB,0.38461538461538464,0.5818181818181818,48.3,,,,,,
46124.0,DB,0.45,0.35555555555555557,40.3,,,,,,
46127.0,DB,0.29411764705882354,0.31343283582089554,30.4,,,,,,
46130.0,WR,,,50.5,5.1,0.45454545454545453,0.5454545454545454,0.5454545454545454,0.45454545454545453,0.5454545454545454
46132.0,DB,0.3333333333333333,0.3125,32.3,,,,,,
46137.0,DB,0.3125,0.6206896551724138,46.7,,,,,,
46138.0,DB,,0.5454545454545454,54.5,,,,,,
46139.0,DB,0.3684210526315789,0.2441860465116279,30.6,,,,,,
46141.0,DB,,0.45454545454545453,45.5,,,,,,
46142.0,DB,0.2777777777777778,0.24074074074074073,25.9,,,,,,
46146.0,DB,,0.4166666666666667,41.7,,,,,,
46150.0,WR,,,47.5,4.9,0.35714285714285715,0.6428571428571429,0.5,0.5714285714285714,0.35714285714285715
46151.0,DB,,0.5454545454545454,54.5,,,,,,
46153.0,DB,,0.45454545454545453,45.5,,,,,,
46155.0,WR,,,51.8,5.3,0.35294117647058826,0.7058823529411765,0.6470588235294118,0.5294117647058824,0.4117647058823529
46156.0,DB,,0.5454545454545454,54.5,,,,,,
46157.0,DB,,0.38461538461538464,38.5,,,,,,
46167.0,WR,,,47.9,4.8,0.4166666666666667,0.5833333333333334,0.5,0.4166666666666667,0.5
46168.0,DB,0.45454545454545453,0.38461538461538464,42.0,,,,,,
46175.0,DB,0.3333333333333333,0.4,36.7,,,,,,
46186.0,DB,0.35714285714285715,0.6428571428571429,50.0,,,,,,
46188.0,DB,0.21739130434782608,0.2698412698412698,24.4,,,,,,
46189.0,WR,,,53.0,5.3,0.4666666666666667,0.6666666666666666,0.5333333333333333,0.5333333333333333,0.4666666666666667
46190.0,DB,0.38461538461538464,0.43902439024390244,41.2,,,,,,
46192.0,WR,,,58.3,5.7,0.55,0.75,0.7,0.4,0.45
46194.0,DB,0.3,0.42,36.0,,,,,,
46199.0,DB,,0.45454545454545453,45.5,,,,,,
46206.0,WR,,,50.7,5.1,0.3333333333333333,0.7619047619047619,0.6666666666666666,0.47619047619047616,0.3333333333333333
46211.0,DB,0.3333333333333333,0.2857142857142857,31.0,,,,,,
46212.0,DB,0.4166666666666667,0.48936170212765956,45.3,,,,,,
46213.0,WR,,,52.1,5.4,0.3157894736842105,0.7368421052631579,0.6842105263157895,0.5263157894736842,0.42105263157894735
46215.0,DB,0.47368421052631576,0.2857142857142857,38.0,,,,,,
46223.0,DB,0.45454545454545453,0.45454545454545453,45.5,,,,,,
46226.0,WR,,,45.9,4.6,0.3125,0.6875,0.625,0.3125,0.375
46229.0,DB,,0.45454545454545453,45.5,,,,,,
46243.0,WR,,,48.7,4.9,0.3333333333333333,0.6666666666666666,0.6666666666666666,0.4666666666666667,0.3333333333333333
46259.0,DB,0.46153846153846156,0.7142857142857143,58.8,,,,,,
46269.0,DB,0.375,0.34782608695652173,36.1,,,,,,
46279.0,WR,,,50.0,5.1,0.35294117647058826,0.7058823529411765,0.6470588235294118,0.35294117647058826,0.47058823529411764
46304.0,DB,0.3684210526315789,0.2878787878787879,32.8,,,,,,
46309.0,WR,,,46.2,4.6,0.38461538461538464,0.6153846153846154,0.5384615384615384,0.38461538461538464,0.38461538461538464
46310.0,DB,0.4166666666666667,0.3333333333333333,37.5,,,,,,
46349.0,DB,,0.45454545454545453,45.5,,,,,,
46456.0,DB,0.3157894736842105,0.5675675675675675,44.2,,,,,,
46461.0,WR,,,50.8,5.1,0.46153846153846156,0.6153846153846154,0.5384615384615384,0.46153846153846156,0.46153846153846156
46522.0,WR,,,50.5,5.1,0.45454545454545453,0.5454545454545454,0.5454545454545454,0.45454545454545453,0.5454545454545454
46527.0,DB,0.3333333333333333,0.4864864864864865,41.0,,,,,,
46542.0,WR,,,49.1,4.9,0.45454545454545453,0.5454545454545454,0.5454545454545454,0.45454545454545453,0.45454545454545453
46652.0,DB,0.35714285714285715,0.2903225806451613,32.4,,,,,,
46657.0,DB,0.45454545454545453,0.47368421052631576,46.4,,,,,,
46669.0,DB,,0.47368421052631576,47.4,,,,,,
46672.0,DB,0.4166666666666667,0.22857142857142856,32.3,,,,,,
46684.0,DB,,0.45454545454545453,45.5,,,,,,
46698.0,DB,0.3333333333333333,0.4375,38.5,,,,,,
46699.0,DB,,0.5454545454545454,54.5,,,,,,
46700.0,DB,0.3125,0.5535714285714286,43.3,,,,,,
46705.0,WR,,,47.1,4.8,0.29411764705882354,0.7058823529411765,0.5882352941176471,0.4117647058823529,0.4117647058823529
46711.0,DB,0.38461538461538464,0.53125,45.8,,,,,,
46724.0,DB,0.45454545454545453,0.45454545454545453,45.5,,,,,,
46757.0,DB,0.3181818181818182,0.35714285714285715,33.8,,,,,,
46759.0,WR,,,48.3,4.8,0.4166666666666667,0.5833333333333334,0.5833333333333334,0.4166666666666667,0.4166666666666667
46775.0,DB,0.38095238095238093,0.2558139534883721,31.8,,,,,,
46807.0,DB,,0.4418604651162791,44.2,,,,,,
46902.0,DB,0.4,0.2631578947368421,33.2,,,,,,
46908.0,DB,,0.5,50.0,,,,,,
46968.0,DB,0.5454545454545454,0.3181818181818182,43.2,,,,,,
47605.0,WR,,,49.1,4.9,0.45454545454545453,0.5454545454545454,0.5454545454545454,0.45454545454545453,0.45454545454545453
47788.0,DB,0.3333333333333333,0.32142857142857145,32.7,,,,,,
47790.0,DB,,0.4375,43.8,,,,,,
47791.0,WR,,,51.4,5.2,0.32,0.8,0.72,0.44,0.32
47793.0,DB,0.35714285714285715,0.5882352941176471,47.3,,,,,,
47799.0,DB,,0.35714285714285715,35.7,,,,,,
47802.0,DB,,0.45454545454545453,45.5,,,,,,
47803.0,WR,,,51.4,5.3,0.35714285714285715,0.6428571428571429,0.6428571428571429,0.5714285714285714,0.42857142857142855
47804.0,DB,0.38461538461538464,0.4339622641509434,40.9,,,,,,
47807.0,WR,,,48.3,5.0,0.2777777777777778,0.7222222222222222,0.6111111111111112,0.4444444444444444,0.4444444444444444
47808.0,WR,,,50.2,5.1,0.30434782608695654,0.782608695652174,0.6521739130434783,0.43478260869565216,0.391304347826087
47809.0,DB,,0.45454545454545453,45.5,,,,,,
47816.0,DB,0.25,0.4807692307692308,36.5,,,,,,
47817.0,DB,0.4166666666666667,0.39285714285714285,40.5,,,,,,
47819.0,WR,,,50.0,5.1,0.2857142857142857,0.7619047619047619,0.6666666666666666,0.5238095238095238,0.3333333333333333
47822.0,DB,0.3888888888888889,0.42857142857142855,40.9,,,,,,
47826.0,DB,0.3125,0.28125,29.7,,,,,,
47833.0,WR,,,47.9,4.7,0.4117647058823529,0.7058823529411765,0.5882352941176471,0.35294117647058826,0.29411764705882354
47834.0,WR,,,52.4,5.6,0.21739130434782608,0.782608695652174,0.6956521739130435,0.6086956521739131,0.4782608695652174
47836.0,WR,,,51.5,5.3,0.35294117647058826,0.7058823529411765,0.5882352941176471,0.47058823529411764,0.5294117647058824
47839.0,WR,,,49.1,4.9,0.45454545454545453,0.5454545454545454,0.5454545454545454,0.45454545454545453,0.45454545454545453
47842.0,WR,,,50.3,5.2,0.2777777777777778,0.7222222222222222,0.6666666666666666,0.5,0.4444444444444444
47844.0,DB,,0.45454545454545453,45.5,,,,,,
47846.0,DB,0.45454545454545453,0.32,38.7,,,,,,
47847.0,WR,,,50.3,5.0,0.3888888888888889,0.7222222222222222,0.6666666666666666,0.3888888888888889,0.3333333333333333
47849.0,WR,,,46.6,4.6,0.375,0.6875,0.5625,0.375,0.3125
47852.0,WR,,,52.8,5.4,0.375,0.6875,0.6875,0.5,0.4375
47855.0,DB,0.45454545454545453,0.2978723404255319,37.6,,,,,,
47856.0,WR,,,50.5,5.1,0.45454545454545453,0.5454545454545454,0.5454545454545454,0.45454545454545453,0.5454545454545454
47857.0,WR,,,49.1,4.9,0.45454545454545453,0.5454545454545454,0.5454545454545454,0.45454545454545453,0.45454545454545453
47859.0,WR,,,53.4,5.4,0.42105263157894735,0.7368421052631579,0.631578947368421,0.47368421052631576,0.42105263157894735
47862.0,DB,,0.5384615384615384,53.8,,,,,,
47863.0,DB,0.4166666666666667,0.3333333333333333,37.5,,,,,,
47864.0,DB,,0.4166666666666667,41.7,,,,,,
47870.0,WR,,,49.6,5.0,0.4166666666666667,0.5833333333333334,0.5833333333333334,0.5,0.4166666666666667
47871.0,DB,0.29411764705882354,0.22641509433962265,26.0,,,,,,
47872.0,DB,0.4166666666666667,0.28,34.8,,,,,,
47876.0,WR,,,49.1,4.9,0.45454545454545453,0.5454545454545454,0.5454545454545454,0.45454545454545453,0.45454545454545453
47877.0,DB,0.2631578947368421,0.2923076923076923,27.8,,,,,,
47878.0,DB,,0.35714285714285715,35.7,,,,,,
47879.0,WR,,,52.1,5.2,0.47058823529411764,0.7058823529411765,0.5294117647058824,0.47058823529411764,0.4117647058823529
47881.0,DB,0.25,0.3230769230769231,28.7,,,,,,
47882.0,DB,0.4166666666666667,0.6551724137931034,53.6,,,,,,
47885.0,WR,,,50.0,5.1,0.35294117647058826,0.7058823529411765,0.6470588235294118,0.35294117647058826,0.47058823529411764
47888.0,DB,0.38461538461538464,0.4852941176470588,43.5,,,,,,
47890.0,DB,0.45454545454545453,0.375,41.5,,,,,,
47891.0,DB,0.3157894736842105,0.6351351351351351,47.5,,,,,,
47896.0,WR,,,47.3,4.7,0.45454545454545453,0.5454545454545454,0.45454545454545453,0.45454545454545453,0.45454545454545453
47899.0,DB,0.35714285714285715,0.35714285714285715,35.7,,,,,,
47904.0,WR,,,49.1,4.9,0.45454545454545453,0.5454545454545454,0.5454545454545454,0.45454545454545453,0.45454545454545453
47911.0,WR,,,48.2,4.8,0.3157894736842105,0.7368421052631579,0.6842105263157895,0.3157894736842105,0.3684210526315789
47913.0,DB,0.45454545454545453,0.34782608695652173,40.1,,,,,,
47915.0,DB,0.5454545454545454,0.4166666666666667,48.1,,,,,,
47917.0,DB,,0.45454545454545453,45.5,,,,,,
47920.0,WR,,,49.2,5.0,0.4166666666666667,0.5833333333333334,0.5,0.5,0.5
47931.0,DB,0.2413793103448276,0.36363636363636365,30.3,,,,,,
47932.0,WR,,,50.5,5.1,0.45454545454545453,0.5454545454545454,0.5454545454545454,0.5454545454545454,0.45454545454545453
47934.0,DB,0.45454545454545453,0.25,35.2,,,,,,
47938.0,DB,,0.42857142857142855,42.9,,,,,,
47939.0,DB,,0.5454545454545454,54.5,,,,,,
47941.0,DB,0.5454545454545454,0.6842105263157895,61.5,,,,,,
47947.0,DB,0.35714285714285715,0.45454545454545453,40.6,,,,,,
47954.0,WR,,,51.2,5.2,0.35,0.75,0.65,0.35,0.5
47956.0,DB,0.3125,0.2777777777777778,29.5,,,,,,
47965.0,WR,,,48.8,4.8,0.5,0.5833333333333334,0.4166666666666667,0.5,0.4166666666666667
47971.0,DB,0.3333333333333333,0.48484848484848486,40.9,,,,,,
47974.0,DB,0.46153846153846156,0.640625,55.1,,,,,,
48026.0,DB,0.3333333333333333,0.42,37.7,,,,,,
48027.0,DB,0.35714285714285715,0.19230769230769232,27.5,,,,,,
48097.0,WR,,,55.0,5.6,0.42105263157894735,0.7368421052631579,0.631578947368421,0.5789473684210527,0.42105263157894735
48207.0,WR,,,50.5,5.1,0.45454545454545453,0.5454545454545454,0.5454545454545454,0.5454545454545454,0.45454545454545453
48233.0,WR,,,52.9,5.3,0.5,0.5833333333333334,0.5,0.5,0.5833333333333334
48241.0,DB,0.35714285714285715,0.37777777777777777,36.7,,,,,,
48268.0,DB,0.3333333333333333,0.3448275862068966,33.9,,,,,,
48415.0,WR,,,50.8,5.0,0.5,0.5833333333333334,0.5833333333333334,0.4166666666666667,0.4166666666666667
48456.0,WR,,,53.0,5.5,0.4,0.6666666666666666,0.5333333333333333,0.5333333333333333,0.6
48482.0,DB,,0.5454545454545454,54.5,,,,,,
48487.0,DB,,0.5454545454545454,54.5,,,,,,
48508.0,DB,,0.5714285714285714,57.1,,,,,,
48516.0,DB,0.25,0.40350877192982454,32.7,,,,,,
48537.0,DB,,0.5833333333333334,58.3,,,,,,
48541.0,WR,,,48.9,4.9,0.42857142857142855,0.6428571428571429,0.5714285714285714,0.35714285714285715,0.42857142857142855
48581.0,DB,,0.5833333333333334,58.3,,,,,,
48988.0,WR,,,51.8,5.1,0.5454545454545454,0.5454545454545454,0.5454545454545454,0.45454545454545453,0.45454545454545453
49410.0,DB,0.375,0.53125,45.3,,,,,,
52272.0,DB,0.3125,0.3409090909090909,32.7,,,,,,
52416.0,DB,0.4166666666666667,0.5909090909090909,50.4,,,,,,
52417.0,DB,0.4,0.36363636363636365,38.2,,,,,,
52423.0,WR,,,48.9,5.0,0.35714285714285715,0.6428571428571429,0.5714285714285714,0.5,0.42857142857142855
52424.0,DB,0.42857142857142855,0.3333333333333333,38.1,,,,,,
52425.0,WR,,,54.2,5.5,0.375,0.7916666666666666,0.6666666666666666,0.5416666666666666,0.375
52428.0,DB,,0.5,50.0,,,,,,
52430.0,WR,,,46.5,4.8,0.21212121212121213,0.8484848484848485,0.6363636363636364,0.3333333333333333,0.36363636363636365
52431.0,DB,0.35714285714285715,0.4642857142857143,41.1,,,,,,
52433.0,WR,,,46.5,4.8,0.25,0.7916666666666666,0.625,0.4583333333333333,0.25
52435.0,DB,0.3333333333333333,0.46938775510204084,40.1,,,,,,
52436.0,DB,0.29411764705882354,0.5,39.7,,,,,,
52438.0,DB,0.4166666666666667,0.3333333333333333,37.5,,,,,,
52440.0,WR,,,49.2,5.0,0.4166666666666667,0.5833333333333334,0.5,0.5,0.5
52441.0,WR,,,47.5,4.8,0.3076923076923077,0.8076923076923077,0.6153846153846154,0.2692307692307692,0.38461538461538464
52442.0,WR,,,52.3,5.2,0.38461538461538464,0.8076923076923077,0.6538461538461539,0.34615384615384615,0.4230769230769231
52443.0,WR,,,48.3,4.9,0.3333333333333333,0.6666666666666666,0.6,0.3333333333333333,0.5333333333333333
52444.0,DB,0.35294117647058826,0.5555555555555556,45.4,,,,,,
52445.0,DB,0.46153846153846156,0.5178571428571429,49.0,,,,,,
52446.0,DB,,0.4166666666666667,41.7,,,,,,
52451.0,WR,,,49.8,5.0,0.36363636363636365,0.7727272727272727,0.5909090909090909,0.45454545454545453,0.3181818181818182
52452.0,DB,0.375,0.6304347826086957,50.3,,,,,,
52453.0,DB,0.4666666666666667,0.5076923076923077,48.7,,,,,,
52456.0,DB,0.45454545454545453,0.38461538461538464,42.0,,,,,,
52457.0,WR,,,48.5,4.9,0.29411764705882354,0.7058823529411765,0.7058823529411765,0.35294117647058826,0.4117647058823529
52458.0,DB,0.4117647058823529,0.4666666666666667,43.9,,,,,,
52459.0,DB,0.29411764705882354,0.3333333333333333,31.4,,,,,,
52462.0,DB,,0.5454545454545454,54.5,,,,,,
52463.0,WR,,,49.1,4.9,0.45454545454545453,0.5454545454545454,0.5454545454545454,0.45454545454545453,0.45454545454545453
52465.0,WR,,,53.6,5.3,0.4444444444444444,0.7222222222222222,0.6666666666666666,0.4444444444444444,0.3888888888888889
52468.0,DB,0.45454545454545453,0.35714285714285715,40.6,,,,,,
52469.0,DB,0.38461538461538464,0.25,31.7,,,,,,
52470.0,WR,,,49.6,5.0,0.4166666666666667,0.5833333333333334,0.5833333333333334,0.4166666666666667,0.5
52471.0,DB,0.45454545454545453,0.36666666666666664,41.1,,,,,,
52472.0,DB,0.4166666666666667,0.4782608695652174,44.7,,,,,,
52473.0,DB,0.25,0.32,28.5,,,,,,
52474.0,WR,,,48.3,4.8,0.4166666666666667,0.5833333333333334,0.5833333333333334,0.4166666666666667,0.4166666666666667
52476.0,DB,0.45454545454545453,0.5833333333333334,51.9,,,,,,
52482.0,DB,,0.38461538461538464,38.5,,,,,,
52493.0,DB,0.25,0.5,37.5,,,,,,
52494.0,WR,,,50.0,5.1,0.38461538461538464,0.6153846153846154,0.6153846153846154,0.46153846153846156,0.46153846153846156
52500.0,WR,,,45.0,4.5,0.4166666666666667,0.5833333333333334,0.4166666666666667,0.4166666666666667,0.4166666666666667
52502.0,WR,,,47.9,4.8,0.4166666666666667,0.5833333333333334,0.5,0.4166666666666667,0.5
52506.0,DB,0.45454545454545453,0.5,47.7,,,,,,
52510.0,DB,0.4166666666666667,0.3333333333333333,37.5,,,,,,
52513.0,WR,,,49.7,5.1,0.3125,0.6875,0.625,0.4375,0.5
52515.0,DB,0.45454545454545453,0.4166666666666667,43.6,,,,,,
52518.0,DB,,0.4166666666666667,41.7,,,,,,
52520.0,WR,,,52.1,5.2,0.5,0.5833333333333334,0.5833333333333334,0.4166666666666667,0.5
52523.0,WR,,,51.4,5.3,0.35714285714285715,0.6428571428571429,0.6428571428571429,0.5,0.5
52525.0,DB,0.4166666666666667,0.4,40.8,,,,,,
52532.0,WR,,,50.4,5.0,0.5,0.5833333333333334,0.5,0.4166666666666667,0.5
52535.0,DB,0.45454545454545453,0.5666666666666667,51.1,,,,,,
52536.0,WR,,,52.4,5.4,0.3157894736842105,0.7368421052631579,0.7368421052631579,0.47368421052631576,0.42105263157894735
52541.0,WR,,,52.5,5.3,0.42857142857142855,0.6428571428571429,0.6428571428571429,0.42857142857142855,0.5
52542.0,DB,,0.5625,56.2,,,,,,
52544.0,WR,,,52.1,5.2,0.5,0.5833333333333334,0.5833333333333334,0.4166666666666667,0.5
52546.0,DB,0.3684210526315789,0.48148148148148145,42.5,,,,,,
52547.0,DB,0.45454545454545453,0.45454545454545453,45.5,,,,,,
52552.0,WR,,,49.1,4.9,0.45454545454545453,0.5454545454545454,0.5454545454545454,0.45454545454545453,0.45454545454545453
52571.0,DB,,0.5,50.0,,,,,,
52581.0,WR,,,49.7,5.1,0.3333333333333333,0.6666666666666666,0.6666666666666666,0.4666666666666667,0.4
52584.0,WR,,,50.7,5.2,0.3181818181818182,0.7727272727272727,0.6363636363636364,0.45454545454545453,0.4090909090909091
52585.0,DB,,0.4166666666666667,41.7,,,,,,
52594.0,DB,0.35714285714285715,0.7076923076923077,53.2,,,,,,
52595.0,WR,,,50.0,5.1,0.38461538461538464,0.6153846153846154,0.6153846153846154,0.46153846153846156,0.46153846153846156
52607.0,DB,0.45454545454545453,0.6304347826086957,54.2,,,,,,
52608.0,WR,,,50.8,5.2,0.4166666666666667,0.5833333333333334,0.5833333333333334,0.5,0.5
52613.0,DB,0.3333333333333333,0.47619047619047616,40.5,,,,,,
52615.0,WR,,,46.9,4.9,0.2777777777777778,0.7222222222222222,0.5,0.5555555555555556,0.3888888888888889
52624.0,DB,0.2631578947368421,0.41509433962264153,33.9,,,,,,
52625.0,WR,,,51.1,5.1,0.42857142857142855,0.6428571428571429,0.5714285714285714,0.42857142857142855,0.5
52627.0,DB,0.35714285714285715,0.43333333333333335,39.5,,,,,,
52637.0,DB,,0.4166666666666667,41.7,,,,,,
52641.0,DB,,0.45454545454545453,45.5,,,,,,
52647.0,DB,,0.5454545454545454,54.5,,,,,,
52762.0,WR,,,51.8,5.3,0.45454545454545453,0.5454545454545454,0.5454545454545454,0.5454545454545454,0.5454545454545454
52764.0,DB,0.3333333333333333,0.35714285714285715,34.5,,,,,,
52835.0,DB,0.35714285714285715,0.4,37.9,,,,,,
52844.0,DB,0.45454545454545453,0.32142857142857145,38.8,,,,,,
52858.0,WR,,,47.3,4.7,0.45454545454545453,0.5454545454545454,0.45454545454545453,0.45454545454545453,0.45454545454545453
52863.0,DB,0.4166666666666667,0.3888888888888889,40.3,,,,,,
52897.0,DB,,0.3333333333333333,33.3,,,,,,
52904.0,DB,,0.5833333333333334,58.3,,,,,,
52922.0,WR,,,54.6,5.4,0.5384615384615384,0.6153846153846154,0.6153846153846154,0.38461538461538464,0.5384615384615384
52942.0,WR,,,57.5,5.8,0.5,0.6875,0.6875,0.5625,0.4375
52991.0,DB,0.2631578947368421,0.4807692307692308,37.2,,,,,,
53047.0,WR,,,53.3,5.3,0.5,0.5833333333333334,0.5833333333333334,0.5,0.5
53053.0,DB,,0.45454545454545453,45.5,,,,,,
53074.0,WR,,,53.8,5.6,0.3,0.75,0.7,0.6,0.45
53079.0,WR,,,49.1,4.9,0.45454545454545453,0.5454545454545454,0.5454545454545454,0.45454545454545453,0.45454545454545453
53117.0,WR,,,47.3,4.8,0.38461538461538464,0.6153846153846154,0.5384615384615384,0.38461538461538464,0.46153846153846156
53187.0,DB,,0.35714285714285715,35.7,,,,,,
53433.0,WR,,,52.1,5.3,0.35294117647058826,0.7058823529411765,0.7058823529411765,0.4117647058823529,0.47058823529411764
53434.0,WR,,,49.0,4.9,0.38095238095238093,0.7619047619047619,0.6190476190476191,0.3333333333333333,0.3333333333333333
53435.0,WR,,,48.2,4.9,0.2631578947368421,0.7368421052631579,0.6842105263157895,0.3684210526315789,0.42105263157894735
53437.0,DB,0.45454545454545453,0.5384615384615384,49.7,,,,,,
53438.0,DB,0.3888888888888889,0.21052631578947367,30.0,,,,,,
53439.0,WR,,,48.9,5.1,0.21739130434782608,0.782608695652174,0.6521739130434783,0.5217391304347826,0.391304347826087
53445.0,DB,,0.4,40.0,,,,,,
53447.0,DB,,0.4166666666666667,41.7,,,,,,
53448.0,DB,0.35714285714285715,0.2903225806451613,32.4,,,,,,
53449.0,WR,,,50.3,5.1,0.4,0.6666666666666666,0.6,0.4666666666666667,0.4
53450.0,DB,,0.45454545454545453,45.5,,,,,,
53453.0,WR,,,53.1,5.4,0.46153846153846156,0.6153846153846154,0.5384615384615384,0.5384615384615384,0.5384615384615384
53454.0,WR,,,43.9,4.4,0.35714285714285715,0.6428571428571429,0.42857142857142855,0.35714285714285715,0.42857142857142855
53455.0,DB,0.375,0.2826086956521739,32.9,,,,,,
53456.0,WR,,,53.7,5.5,0.4,0.6666666666666666,0.6666666666666666,0.5333333333333333,0.4666666666666667
53460.0,DB,,0.4166666666666667,41.7,,,,,,
53461.0,DB,0.45454545454545453,0.5,47.7,,,,,,
53462.0,DB,0.35294117647058826,0.40540540540540543,37.9,,,,,,
53463.0,WR,,,49.6,5.1,0.2608695652173913,0.782608695652174,0.6521739130434783,0.5217391304347826,0.34782608695652173
53464.0,WR,,,44.4,4.6,0.29411764705882354,0.7058823529411765,0.4117647058823529,0.4117647058823529,0.47058823529411764
53465.0,DB,0.3333333333333333,0.5873015873015873,46.0,,,,,,
53469.0,DB,0.4166666666666667,0.42857142857142855,42.3,,,,,,
53470.0,DB,,0.45454545454545453,45.5,,,,,,
53472.0,DB,0.35714285714285715,0.47619047619047616,41.7,,,,,,
53476.0,DB,0.375,0.3275862068965517,35.1,,,,,,
53478.0,WR,,,49.2,4.8,0.5,0.5833333333333334,0.5,0.4166666666666667,0.4166666666666667
53481.0,DB,0.38461538461538464,0.28125,33.3,,,,,,
53484.0,WR,,,51.5,5.2,0.46153846153846156,0.6153846153846154,0.46153846153846156,0.5384615384615384,0.5384615384615384
53486.0,WR,,,62.3,6.2,0.5384615384615384,0.8076923076923077,0.8076923076923077,0.38461538461538464,0.5384615384615384
53487.0,DB,0.3333333333333333,0.4583333333333333,39.6,,,,,,
53488.0,WR,,,44.4,4.5,0.3125,0.6875,0.5,0.375,0.375
53489.0,DB,0.3333333333333333,0.14,23.7,,,,,,
53494.0,DB,0.42857142857142855,0.7571428571428571,59.3,,,,,,
53503.0,DB,0.3333333333333333,0.3333333333333333,33.3,,,,,,
53505.0,DB,0.5,0.3548387096774194,42.7,,,,,,
53506.0,WR,,,49.3,5.1,0.3333333333333333,0.6666666666666666,0.6,0.6,0.3333333333333333
53509.0,DB,0.3333333333333333,0.24074074074074073,28.7,,,,,,
53511.0,WR,,,53.5,5.4,0.46153846153846156,0.6153846153846154,0.6153846153846154,0.5384615384615384,0.46153846153846156
53518.0,WR,,,51.6,5.4,0.24,0.8,0.76,0.32,0.56
53519.0,DB,0.45454545454545453,0.35714285714285715,40.6,,,,,,
53529.0,DB,0.4166666666666667,0.5740740740740741,49.5,,,,,,
53531.0,DB,0.3333333333333333,0.3333333333333333,33.3,,,,,,
53532.0,DB,0.4166666666666667,0.4358974358974359,42.6,,,,,,
53533.0,DB,0.3333333333333333,0.30434782608695654,31.9,,,,,,
53536.0,WR,,,50.7,5.3,0.35714285714285715,0.6428571428571429,0.5,0.6428571428571429,0.5
53540.0,DB,0.45454545454545453,0.45454545454545453,45.5,,,,,,
53541.0,WR,,,46.7,4.9,0.21739130434782608,0.782608695652174,0.6086956521739131,0.4782608695652174,0.34782608695652173
53542.0,DB,0.4166666666666667,0.21212121212121213,31.4,,,,,,
53549.0,WR,,,50.7,5.2,0.4,0.6666666666666666,0.4666666666666667,0.4666666666666667,0.6
53553.0,WR,,,46.8,4.7,0.35714285714285715,0.6428571428571429,0.5714285714285714,0.42857142857142855,0.35714285714285715
53554.0,DB,0.4166666666666667,0.41509433962264153,41.6,,,,,,
53555.0,WR,,,45.3,4.6,0.29411764705882354,0.7058823529411765,0.5882352941176471,0.35294117647058826,0.35294117647058826
53556.0,WR,,,52.5,5.2,0.4444444444444444,0.7222222222222222,0.6111111111111112,0.3888888888888889,0.4444444444444444
53564.0,DB,,0.45454545454545453,45.5,,,,,,
53565.0,DB,0.25,0.3230769230769231,28.7,,,,,,
53566.0,DB,0.35,0.2711864406779661,31.1,,,,,,
53575.0,DB,0.4166666666666667,0.46153846153846156,43.9,,,,,,
53576.0,WR,,,49.6,5.0,0.4166666666666667,0.5833333333333334,0.5833333333333334,0.5,0.4166666666666667
53579.0,WR,,,50.0,5.0,0.42857142857142855,0.6428571428571429,0.5714285714285714,0.5,0.35714285714285715
53583.0,DB,0.35714285714285715,0.46296296296296297,41.0,,,,,,
53589.0,DB,0.4166666666666667,0.35,38.3,,,,,,
53591.0,WR,,,49.7,5.0,0.3888888888888889,0.7222222222222222,0.5555555555555556,0.3888888888888889,0.4444444444444444
53592.0,DB,0.45454545454545453,0.38181818181818183,41.8,,,,,,
53596.0,DB,0.29411764705882354,0.3,29.7,,,,,,
53601.0,DB,0.21428571428571427,0.5119047619047619,36.3,,,,,,
53604.0,DB,0.3333333333333333,0.6481481481481481,49.1,,,,,,
53609.0,DB,0.38461538461538464,0.4725274725274725,42.9,,,,,,
53614.0,DB,0.46153846153846156,0.34782608695652173,40.5,,,,,,
53629.0,DB,0.4166666666666667,0.4117647058823529,41.4,,,,,,
53631.0,WR,,,49.1,4.9,0.45454545454545453,0.5454545454545454,0.5454545454545454,0.45454545454545453,0.45454545454545453
53639.0,DB,0.45454545454545453,0.4166666666666667,43.6,,,,,,
53646.0,WR,,,50.4,5.2,0.4166666666666667,0.5833333333333334,0.5,0.5,0.5833333333333334
53649.0,DB,0.45454545454545453,0.3157894736842105,38.5,,,,,,
53656.0,DB,,0.5,50.0,,,,,,
53662.0,WR,,,50.0,4.9,0.5454545454545454,0.5454545454545454,0.45454545454545453,0.45454545454545453,0.45454545454545453
53668.0,DB,,0.3333333333333333,33.3,,,,,,
53678.0,WR,,,49.6,5.1,0.38461538461538464,0.6153846153846154,0.5384615384615384,0.5384615384615384,0.46153846153846156
53703.0,WR,,,46.0,4.7,0.3333333333333333,0.6666666666666666,0.5333333333333333,0.4666666666666667,0.3333333333333333
53819.0,DB,0.3,0.3333333333333333,31.7,,,,,,
53854.0,DB,0.45454545454545453,0.4666666666666667,46.1,,,,,,
53921.0,DB,,0.45454545454545453,45.5,,,,,,
53953.0,DB,0.25,0.3055555555555556,27.8,,,,,,
53959.0,WR,,,49.2,5.0,0.4166666666666667,0.5833333333333334,0.5,0.5,0.5
54026.0,DB,0.4166666666666667,0.3076923076923077,36.2,,,,,,
54466.0,DB,0.4166666666666667,0.2777777777777778,34.7,,,,,,
54467.0,DB,,0.45454545454545453,45.5,,,,,,
54468.0,DB,0.4166666666666667,0.2619047619047619,33.9,,,,,,
54469.0,DB,0.3157894736842105,0.4647887323943662,39.0,,,,,,
54470.0,DB,,0.4444444444444444,44.4,,,,,,
54473.0,WR,,,46.4,4.8,0.2777777777777778,0.7222222222222222,0.5555555555555556,0.4444444444444444,0.3888888888888889
54475.0,WR,,,48.1,5.0,0.2857142857142857,0.7619047619047619,0.5714285714285714,0.3333333333333333,0.5238095238095238
54476.0,WR,,,52.7,5.3,0.34615384615384615,0.8076923076923077,0.7307692307692307,0.46153846153846156,0.3076923076923077
54479.0,DB,0.35714285714285715,0.6060606060606061,48.2,,,,,,
54481.0,WR,,,55.5,5.7,0.3684210526315789,0.7368421052631579,0.7368421052631579,0.6842105263157895,0.3157894736842105
54483.0,WR,,,48.4,5.0,0.3125,0.6875,0.5625,0.4375,0.5
54486.0,DB,0.3333333333333333,0.4074074074074074,37.0,,,,,,
54487.0,DB,0.3125,0.4318181818181818,37.2,,,,,,
54492.0,DB,0.2631578947368421,0.375,31.9,,,,,,
54495.0,DB,,0.3333333333333333,33.3,,,,,,
54496.0,DB,0.3333333333333333,0.7090909090909091,52.1,,,,,,
54500.0,DB,0.4,0.2711864406779661,33.6,,,,,,
54501.0,WR,,,48.6,4.9,0.45454545454545453,0.5454545454545454,0.45454545454545453,0.5454545454545454,0.45454545454545453
54502.0,DB,0.45454545454545453,0.4666666666666667,46.1,,,,,,
54503.0,DB,0.4166666666666667,0.29411764705882354,35.5,,,,,,
54504.0,DB,0.4166666666666667,0.391304347826087,40.4,,,,,,
54506.0,WR,,,49.6,4.9,0.46153846153846156,0.6153846153846154,0.5384615384615384,0.38461538461538464,0.46153846153846156
54509.0,WR,,,49.1,4.9,0.45454545454545453,0.5454545454545454,0.5454545454545454,0.45454545454545453,0.45454545454545453
54510.0,DB,,0.4666666666666667,46.7,,,,,,
54511.0,DB,,0.45454545454545453,45.5,,,,,,
54513.0,DB,0.4166666666666667,0.6590909090909091,53.8,,,,,,
54514.0,DB,0.24,0.3392857142857143,29.0,,,,,,
54517.0,WR,,,53.3,5.6,0.2608695652173913,0.782608695652174,0.7391304347826086,0.5652173913043478,0.43478260869565216
54518.0,WR,,,47.0,4.8,0.3333333333333333,0.6666666666666666,0.5333333333333333,0.4,0.4666666666666667
54519.0,WR,,,47.8,4.9,0.3125,0.6875,0.625,0.5,0.3125
54520.0,WR,,,55.7,5.6,0.5,0.6428571428571429,0.6428571428571429,0.5,0.5
54523.0,DB,0.35714285714285715,0.2571428571428571,30.7,,,,,,
54525.0,DB,0.35294117647058826,0.2631578947368421,30.8,,,,,,
54527.0,DB,0.38461538461538464,0.6101694915254238,49.7,,,,,,
54528.0,WR,,,50.0,5.3,0.2631578947368421,0.7368421052631579,0.5789473684210527,0.5263157894736842,0.5263157894736842
54529.0,DB,,0.3157894736842105,31.6,,,,,,
54531.0,DB,0.4166666666666667,0.5,45.8,,,,,,
54533.0,DB,0.5,0.3111111111111111,40.6,,,,,,
54535.0,DB,,0.45454545454545453,45.5,,,,,,
54540.0,DB,0.42857142857142855,0.2608695652173913,34.5,,,,,,
54543.0,DB,,0.45454545454545453,45.5,,,,,,
54544.0,DB,0.5454545454545454,0.5909090909090909,56.8,,,,,,
54545.0,WR,,,52.1,5.3,0.4166666666666667,0.5833333333333334,0.5833333333333334,0.5,0.5833333333333334
54548.0,DB,0.38461538461538464,0.3235294117647059,35.4,,,,,,
54550.0,DB,0.45454545454545453,0.3333333333333333,39.4,,,,,,
54553.0,WR,,,54.6,5.4,0.5,0.6428571428571429,0.6428571428571429,0.5,0.42857142857142855
54554.0,DB,0.4166666666666667,0.5675675675675675,49.2,,,,,,
54556.0,WR,,,46.4,4.7,0.35714285714285715,0.6428571428571429,0.5,0.42857142857142855,0.42857142857142855
54561.0,DB,,0.45454545454545453,45.5,,,,,,
54562.0,DB,0.42857142857142855,0.5492957746478874,48.9,,,,,,
54563.0,WR,,,50.5,5.1,0.45454545454545453,0.5454545454545454,0.5454545454545454,0.45454545454545453,0.5454545454545454
54564.0,WR,,,46.8,4.7,0.35714285714285715,0.6428571428571429,0.5714285714285714,0.35714285714285715,0.42857142857142855
54568.0,DB,0.45454545454545453,0.4,42.7,,,,,,
54571.0,WR,,,53.4,5.6,0.3157894736842105,0.7368421052631579,0.631578947368421,0.5789473684210527,0.5263157894736842
54572.0,WR,,,53.3,5.5,0.4166666666666667,0.5833333333333334,0.5833333333333334,0.5833333333333334,0.5833333333333334
54574.0,DB,0.2777777777777778,0.3559322033898305,31.7,,,,,,
54577.0,WR,,,50.5,5.1,0.45454545454545453,0.5454545454545454,0.5454545454545454,0.5454545454545454,0.45454545454545453
54578.0,DB,0.5454545454545454,0.40540540540540543,47.5,,,,,,
54579.0,DB,,0.5,50.0,,,,,,
54580.0,DB,0.2916666666666667,0.2631578947368421,27.7,,,,,,
54583.0,DB,0.3125,0.17307692307692307,24.3,,,,,,
54587.0,WR,,,49.1,4.9,0.45454545454545453,0.5454545454545454,0.5454545454545454,0.45454545454545453,0.45454545454545453
54590.0,WR,,,50.5,5.1,0.45454545454545453,0.5454545454545454,0.5454545454545454,0.45454545454545453,0.5454545454545454
54592.0,WR,,,51.8,5.3,0.45454545454545453,0.5454545454545454,0.5454545454545454,0.5454545454545454,0.5454545454545454
54593.0,WR,,,49.1,4.9,0.45454545454545453,0.5454545454545454,0.5454545454545454,0.45454545454545453,0.45454545454545453
54594.0,WR,,,49.4,5.1,0.2777777777777778,0.7222222222222222,0.6666666666666666,0.5,0.3888888888888889
54597.0,WR,,,51.7,5.4,0.2777777777777778,0.7222222222222222,0.6111111111111112,0.6111111111111112,0.5
54600.0,DB,0.42857142857142855,0.35714285714285715,39.3,,,,,,
54603.0,WR,,,50.6,5.1,0.375,0.6875,0.625,0.4375,0.4375
54604.0,WR,,,51.7,5.2,0.5,0.5833333333333334,0.5,0.5833333333333334,0.4166666666666667
54607.0,DB,0.4375,0.29411764705882354,36.6,,,,,,
54608.0,WR,,,47.0,4.8,0.3333333333333333,0.6666666666666666,0.5333333333333333,0.4666666666666667,0.4
54611.0,DB,0.35714285714285715,0.2727272727272727,31.5,,,,,,
54613.0,WR,,,49.1,4.9,0.45454545454545453,0.5454545454545454,0.5454545454545454,0.45454545454545453,0.45454545454545453
54614.0,WR,,,54.6,5.4,0.5384615384615384,0.6153846153846154,0.6153846153846154,0.5384615384615384,0.38461538461538464
54616.0,WR,,,49.6,5.0,0.4166666666666667,0.5833333333333334,0.5833333333333334,0.4166666666666667,0.5
54617.0,DB,,0.631578947368421,63.2,,,,,,
54618.0,DB,0.3333333333333333,0.5625,44.8,,,,,,
54621.0,WR,,,47.5,4.9,0.35714285714285715,0.6428571428571429,0.5,0.5714285714285714,0.35714285714285715
54622.0,DB,0.35714285714285715,0.3448275862068966,35.1,,,,,,
54629.0,WR,,,47.9,4.8,0.3684210526315789,0.7368421052631579,0.47368421052631576,0.47368421052631576,0.3684210526315789
54632.0,DB,0.4,0.21951219512195122,31.0,,,,,,
54635.0,WR,,,49.1,4.9,0.45454545454545453,0.5454545454545454,0.5454545454545454,0.45454545454545453,0.45454545454545453
54637.0,DB,,0.4666666666666667,46.7,,,,,,
54639.0,DB,0.45454545454545453,0.4166666666666667,43.6,,,,,,
54641.0,DB,0.38461538461538464,0.25925925925925924,32.2,,,,,,
54644.0,DB,0.45454545454545453,0.35714285714285715,40.6,,,,,,
54650.0,DB,0.4375,0.5,46.9,,,,,,
54653.0,DB,0.35294117647058826,0.38461538461538464,36.9,,,,,,
54657.0,WR,,,50.8,5.0,0.5,0.5833333333333334,0.5833333333333334,0.4166666666666667,0.4166666666666667
54669.0,DB,0.45454545454545453,0.4375,44.6,,,,,,
54673.0,WR,,,48.5,4.9,0.38461538461538464,0.6153846153846154,0.5384615384615384,0.46153846153846156,0.46153846153846156
54676.0,DB,0.5,0.47058823529411764,48.5,,,,,,
54677.0,DB,0.4117647058823529,0.35714285714285715,38.4,,,,,,
54679.0,DB,0.3333333333333333,0.3939393939393939,36.4,,,,,,
54682.0,DB,0.4166666666666667,0.4117647058823529,41.4,,,,,,
54683.0,WR,,,48.3,4.8,0.4166666666666667,0.5833333333333334,0.5833333333333334,0.4166666666666667,0.4166666666666667
54704.0,DB,,0.4647887323943662,46.5,,,,,,
54708.0,DB,0.4166666666666667,0.3181818181818182,36.7,,,,,,
54716.0,WR,,,48.1,4.9,0.38461538461538464,0.6153846153846154,0.46153846153846156,0.46153846153846156,0.5384615384615384
54718.0,DB,0.45454545454545453,0.45652173913043476,45.6,,,,,,
54719.0,DB,,0.48484848484848486,48.5,,,,,,
54721.0,DB,,0.5454545454545454,54.5,,,,,,
54723.0,WR,,,49.3,5.1,0.3333333333333333,0.6666666666666666,0.6,0.4666666666666667,0.4666666666666667
54778.0,DB,0.5454545454545454,0.5454545454545454,54.5,,,,,,
54781.0,DB,0.4166666666666667,0.38095238095238093,39.9,,,,,,
54807.0,DB,,0.5714285714285714,57.1,,,,,,
54808.0,DB,0.46153846153846156,0.6818181818181818,57.2,,,,,,
54814.0,DB,0.42857142857142855,0.42105263157894735,42.5,,,,,,
54815.0,DB,0.3333333333333333,0.38,35.7,,,,,,
54833.0,DB,0.35714285714285715,0.5454545454545454,45.1,,,,,,
54885.0,WR,,,49.1,4.9,0.45454545454545453,0.5454545454545454,0.5454545454545454,0.45454545454545453,0.45454545454545453
54905.0,WR,,,46.4,4.8,0.2777777777777778,0.7222222222222222,0.5555555555555556,0.5,0.3333333333333333
54936.0,DB,0.3125,0.24193548387096775,27.7,,,,,,
54967.0,WR,,,49.7,5.1,0.3333333333333333,0.6666666666666666,0.6666666666666666,0.4666666666666667,0.4
54969.0,DB,,0.4166666666666667,41.7,,,,,,
54980.0,DB,0.35294117647058826,0.352112676056338,35.3,,,,,,
55061.0,WR,,,49.1,4.9,0.45454545454545453,0.5454545454545454,0.5454545454545454,0.45454545454545453,0.45454545454545453
55075.0,WR,,,52.1,5.3,0.4166666666666667,0.5833333333333334,0.5833333333333334,0.5,0.5833333333333334
55081.0,DB,,0.5416666666666666,54.2,,,,,,
55103.0,DB,,0.4166666666666667,41.7,,,,,,
55105.0,DB,,0.45454545454545453,45.5,,,,,,
55133.0,WR,,,52.3,5.2,0.4666666666666667,0.6666666666666666,0.6,0.4666666666666667,0.4
55137.0,DB,0.2857142857142857,0.390625,33.8,,,,,,
55145.0,WR,,,48.6,4.9,0.45454545454545453,0.5454545454545454,0.45454545454545453,0.5454545454545454,0.45454545454545453
55149.0,DB,0.3125,0.23333333333333334,27.3,,,,,,
55157.0,WR,,,49.1,4.9,0.45454545454545453,0.5454545454545454,0.5454545454545454,0.45454545454545453,0.45454545454545453
55166.0,DB,0.45454545454545453,0.4482758620689655,45.1,,,,,,
55175.0,DB,,0.24,24.0,,,,,,
55181.0,DB,0.42105263157894735,0.3783783783783784,40.0,,,,,,
55184.0,DB,0.4166666666666667,0.2631578947368421,34.0,,,,,,
55869.0,DB,0.5,0.4634146341463415,48.2,,,,,,
55871.0,DB,0.45454545454545453,0.45454545454545453,45.5,,,,,,
55872.0,WR,,,50.3,5.1,0.4,0.6666666666666666,0.6,0.4,0.4666666666666667
55876.0,WR,,,52.5,5.4,0.35,0.75,0.6,0.55,0.45
55880.0,DB,0.3888888888888889,0.25,31.9,,,,,,
55881.0,DB,0.3181818181818182,0.4426229508196721,38.0,,,,,,
55882.0,DB,0.38461538461538464,0.375,38.0,,,,,,
55884.0,WR,,,50.0,5.1,0.3333333333333333,0.7222222222222222,0.6111111111111112,0.5,0.3888888888888889
55885.0,WR,,,45.4,4.6,0.35714285714285715,0.6428571428571429,0.5,0.42857142857142855,0.35714285714285715
55886.0,WR,,,47.1,4.8,0.29411764705882354,0.7058823529411765,0.5882352941176471,0.35294117647058826,0.47058823529411764
55887.0,WR,,,44.5,4.5,0.25,0.75,0.65,0.3,0.3
55888.0,DB,0.375,0.41304347826086957,39.4,,,,,,
55889.0,WR,,,49.0,5.0,0.3,0.75,0.65,0.4,0.4
55892.0,DB,,0.45454545454545453,45.5,,,,,,
55894.0,DB,,0.45454545454545453,45.5,,,,,,
55895.0,DB,,0.45454545454545453,45.5,,,,,,
55897.0,DB,0.45454545454545453,0.36363636363636365,40.9,,,,,,
55899.0,WR,,,50.5,5.1,0.3333333333333333,0.7619047619047619,0.6190476190476191,0.42857142857142855,0.42857142857142855
55900.0,WR,,,50.5,5.1,0.45454545454545453,0.5454545454545454,0.5454545454545454,0.45454545454545453,0.5454545454545454
55902.0,DB,,0.35714285714285715,35.7,,,,,,
55904.0,WR,,,40.7,4.2,0.22727272727272727,0.7727272727272727,0.4090909090909091,0.3181818181818182,0.36363636363636365
55907.0,WR,,,50.0,5.1,0.35294117647058826,0.7058823529411765,0.6470588235294118,0.35294117647058826,0.47058823529411764
55910.0,DB,0.2631578947368421,0.32,29.2,,,,,,
55915.0,WR,,,54.0,5.4,0.4,0.75,0.75,0.35,0.45
55917.0,WR,,,52.1,5.3,0.4166666666666667,0.5833333333333334,0.5833333333333334,0.5,0.5833333333333334
55919.0,DB,,0.38461538461538464,38.5,,,,,,
55920.0,WR,,,50.3,5.1,0.35294117647058826,0.7058823529411765,0.7058823529411765,0.4117647058823529,0.35294117647058826
55921.0,DB,0.4444444444444444,0.31666666666666665,38.1,,,,,,
55923.0,WR,,,48.6,4.9,0.45454545454545453,0.5454545454545454,0.45454545454545453,0.45454545454545453,0.5454545454545454
55925.0,DB,0.4666666666666667,0.37037037037037035,41.9,,,,,,
55928.0,WR,,,46.2,4.6,0.38461538461538464,0.6153846153846154,0.5384615384615384,0.38461538461538464,0.38461538461538464
55931.0,DB,,0.5833333333333334,58.3,,,,,,
55934.0,WR,,,46.3,4.8,0.21739130434782608,0.782608695652174,0.6521739130434783,0.391304347826087,0.34782608695652173
55938.0,WR,,,48.3,4.8,0.4166666666666667,0.5833333333333334,0.5833333333333334,0.4166666666666667,0.4166666666666667
55941.0,DB,0.45454545454545453,0.5,47.7,,,,,,
55942.0,DB,0.35714285714285715,0.35,35.4,,,,,,
55944.0,WR,,,48.3,5.0,0.2777777777777778,0.7222222222222222,0.6111111111111112,0.5,0.3888888888888889
55946.0,WR,,,51.4,5.3,0.35714285714285715,0.6428571428571429,0.6428571428571429,0.5,0.5
55947.0,DB,,0.35714285714285715,35.7,,,,,,
55949.0,WR,,,49.1,4.9,0.45454545454545453,0.5454545454545454,0.5454545454545454,0.45454545454545453,0.45454545454545453
55953.0,WR,,,49.1,4.9,0.45454545454545453,0.5454545454545454,0.5454545454545454,0.45454545454545453,0.45454545454545453
55956.0,DB,,0.45454545454545453,45.5,,,,,,
55959.0,WR,,,48.4,5.0,0.3125,0.6875,0.5625,0.5,0.4375
55960.0,DB,,0.4,40.0,,,,,,
55965.0,WR,,,47.3,4.7,0.45454545454545453,0.5454545454545454,0.45454545454545453,0.45454545454545453,0.45454545454545453
55967.0,DB,0.45454545454545453,0.3,37.7,,,,,,
55969.0,DB,0.25,0.30303030303030304,27.7,,,,,,
55980.0,WR,,,40.6,4.1,0.2777777777777778,0.7222222222222222,0.3888888888888889,0.3333333333333333,0.3333333333333333
55984.0,DB,,0.5,50.0,,,,,,
55989.0,DB,,0.45454545454545453,45.5,,,,,,
55997.0,DB,,0.5,50.0,,,,,,
55998.0,WR,,,52.1,5.2,0.5,0.5833333333333334,0.5833333333333334,0.4166666666666667,0.5
56007.0,DB,,0.38461538461538464,38.5,,,,,,
56011.0,DB,,0.37037037037037035,37.0,,,,,,
56024.0,WR,,,48.7,4.9,0.4,0.6666666666666666,0.4666666666666667,0.4666666666666667,0.4666666666666667
56027.0,WR,,,49.2,4.8,0.5,0.5833333333333334,0.5,0.4166666666666667,0.4166666666666667
56030.0,DB,0.5,0.46153846153846156,48.1,,,,,,
56032.0,DB,0.35714285714285715,0.25,30.4,,,,,,
56041.0,WR,,,47.3,4.7,0.45454545454545453,0.5454545454545454,0.45454545454545453,0.45454545454545453,0.45454545454545453
56042.0,WR,,,54.3,5.7,0.24390243902439024,0.8780487804878049,0.7560975609756098,0.5121951219512195,0.43902439024390244
56045.0,DB,0.2608695652173913,0.2923076923076923,27.7,,,,,,
56052.0,WR,,,47.3,4.8,0.38461538461538464,0.6153846153846154,0.5384615384615384,0.46153846153846156,0.38461538461538464
56056.0,WR,,,45.0,4.5,0.3333333333333333,0.6666666666666666,0.5333333333333333,0.4,0.3333333333333333
56070.0,WR,,,49.2,5.0,0.4166666666666667,0.5833333333333334,0.5,0.5,0.5
56074.0,DB,0.38461538461538464,0.3333333333333333,35.9,,,,,,
56075.0,WR,,,49.7,5.1,0.3125,0.6875,0.625,0.5625,0.375
56077.0,WR,,,49.6,5.0,0.4166666666666667,0.5833333333333334,0.5833333333333334,0.4166666666666667,0.5
56084.0,WR,,,50.5,5.1,0.45454545454545453,0.5454545454545454,0.5454545454545454,0.45454545454545453,0.5454545454545454
56097.0,DB,,0.2608695652173913,26.1,,,,,,
56141.0,DB,,0.4090909090909091,40.9,,,,,,
56220.0,WR,,,49.2,4.8,0.5,0.5833333333333334,0.5,0.4166666666666667,0.4166666666666667
56395.0,WR,,,47.5,4.8,0.4166666666666667,0.5833333333333334,0.4166666666666667,0.4166666666666667,0.5833333333333334
56405.0,DB,,0.6153846153846154,61.5,,,,,,
56471.0,WR,,,50.5,5.1,0.45454545454545453,0.5454545454545454,0.5454545454545454,0.45454545454545453,0.5454545454545454
56527.0,DB,0.45454545454545453,0.41379310344827586,43.4,,,,,,
56540.0,DB,0.3125,0.38636363636363635,34.9,,,,,,
56541.0,WR,,,50.5,5.1,0.45454545454545453,0.5454545454545454,0.5454545454545454,0.5454545454545454,0.45454545454545453
56576.0,DB,,0.45454545454545453,45.5,,,,,,
56582.0,WR,,,49.6,5.0,0.4166666666666667,0.5833333333333334,0.5833333333333334,0.5,0.4166666666666667
56663.0,WR,,,48.6,4.9,0.45454545454545453,0.5454545454545454,0.45454545454545453,0.5454545454545454,0.45454545454545453
