player_id,game_id,play_id,bayesian_rating,bayesian_uncertainty,overall_0_100
34452.0,2023091709.0,4397.0,3.903,0.013,39.03
35452.0,2023091011.0,3455.0,4.624,0.8,46.239999999999995
35459.0,2023091711.0,1807.0,6.048,0.028,60.480000000000004
35534.0,2023091800.0,1454.0,4.033,0.308,40.330000000000005
37078.0,2023091801.0,4431.0,5.411,0.018,54.11
37097.0,2023091800.0,2500.0,6.376,0.8,63.760000000000005
37139.0,2023091710.0,4103.0,3.906,0.055,39.06
37145.0,2023091800.0,3852.0,5.744,0.235,57.44
38538.0,2023091707.0,3600.0,3.89,0.022,38.9
38540.0,2023091710.0,4103.0,5.258,0.026,52.58
38559.0,2023091400.0,3668.0,5.795,0.025,57.95
38577.0,2023091703.0,4179.0,5.629,0.019,56.28999999999999
38588.0,2023091706.0,3981.0,5.638,0.019,56.379999999999995
38605.0,2023091711.0,4627.0,4.012,0.019,40.12
38607.0,2023091800.0,4369.0,5.607,0.022,56.07
38632.0,2023091400.0,4132.0,3.997,0.013,39.97
38696.0,2023091703.0,4179.0,3.943,0.031,39.43
38707.0,2023091712.0,4453.0,5.918,0.098,59.18
38843.0,2023091801.0,2091.0,5.888,0.035,58.879999999999995
38868.0,2023091709.0,4397.0,5.376,0.012,53.760000000000005
39973.0,2023091707.0,3600.0,3.842,0.026,38.42
39983.0,2023091708.0,4341.0,3.956,0.027,39.56
39984.0,2023091400.0,4132.0,5.346,0.013,53.46
39987.0,2023091703.0,4478.0,3.979,0.022,39.79
39989.0,2023091704.0,4457.0,3.87,0.018,38.7
40011.0,2023091705.0,4350.0,3.899,0.052,38.99
40017.0,2023091800.0,4369.0,5.686,0.019,56.86
40024.0,2023091707.0,4001.0,3.939,0.018,39.39
40026.0,2023091801.0,3554.0,3.938,0.121,39.38
40078.0,2023091709.0,3640.0,3.942,0.062,39.42
40107.0,2023091701.0,3025.0,5.764,0.033,57.64
40129.0,2023091701.0,2705.0,4.013,0.075,40.129999999999995
40166.0,2023091701.0,3025.0,5.649,0.033,56.49
40488.0,2023091800.0,4369.0,3.961,0.021,39.61
41227.0,2023091702.0,2298.0,5.8,0.308,58.0
41231.0,2023091707.0,2523.0,5.588,0.235,55.88
41233.0,2023091706.0,3751.0,3.826,0.023,38.26
41238.0,2023091702.0,2136.0,3.967,0.033,39.67
41243.0,2023091710.0,4152.0,5.501,0.017,55.010000000000005
41246.0,2023091013.0,3257.0,3.991,0.066,39.910000000000004
41265.0,2023091800.0,3852.0,3.883,0.022,38.83
41282.0,2023091701.0,3521.0,3.982,0.024,39.82
41290.0,2023091801.0,2723.0,4.002,0.021,40.019999999999996
41291.0,2023091701.0,3521.0,4.0,0.024,40.0
41325.0,2023091705.0,4350.0,3.945,0.041,39.449999999999996
41349.0,2023091711.0,1807.0,3.846,0.034,38.46
41464.0,2023091801.0,1304.0,6.411,0.444,64.11
41808.0,2023091700.0,597.0,3.95,0.8,39.5
41915.0,2023091706.0,2893.0,5.921,0.121,59.21
42031.0,2023091707.0,418.0,4.468,0.8,44.68
42094.0,2023091013.0,3870.0,5.59,0.19,55.9
42116.0,2023091712.0,3606.0,5.686,0.07,56.86
42302.0,2023091711.0,2998.0,3.964,0.121,39.64
42346.0,2023091710.0,3682.0,5.992,0.8,59.92
42347.0,2023091801.0,4431.0,3.817,0.025,38.17
42357.0,2023091712.0,4453.0,3.794,0.033,37.94
42361.0,2023091701.0,3144.0,5.203,0.018,52.03
42363.0,2023091702.0,3367.0,3.857,0.062,38.57
42368.0,2023091800.0,790.0,5.478,0.062,54.78
42372.0,2023091009.0,3587.0,3.998,0.19,39.980000000000004
42377.0,2023091705.0,292.0,4.589,0.8,45.89
42381.0,2023091700.0,430.0,5.449,0.444,54.489999999999995
42388.0,2023091010.0,4558.0,5.301,0.031,53.010000000000005
42391.0,2023091704.0,3791.0,5.772,0.033,57.72
42393.0,2023091702.0,4016.0,5.167,0.024,51.67
42397.0,2023091701.0,1317.0,4.092,0.16,40.919999999999995
42401.0,2023091801.0,1478.0,4.914,0.308,49.14
42406.0,2023091009.0,3386.0,5.278,0.308,52.779999999999994
42412.0,2023091703.0,4478.0,4.019,0.023,40.19
42427.0,2023091400.0,3668.0,5.48,0.033,54.800000000000004
42431.0,2023091400.0,2885.0,5.685,0.308,56.849999999999994
42437.0,2023091712.0,4328.0,3.95,0.19,39.5
42441.0,2023091704.0,3791.0,6.057,0.028,60.57000000000001
42460.0,2023091705.0,1240.0,4.015,0.098,40.15
42465.0,2023091002.0,4036.0,6.245,0.308,62.45
42467.0,2023091801.0,4431.0,5.598,0.032,55.98
42485.0,2023091710.0,4152.0,5.984,0.055,59.84
42488.0,2023091708.0,4341.0,6.428,0.8,64.28
42489.0,2023091701.0,3144.0,4.015,0.018,40.15
42500.0,2023091710.0,4103.0,3.936,0.089,39.36
42511.0,2023091711.0,3073.0,4.165,0.308,41.65
42543.0,2023091703.0,4179.0,5.599,0.016,55.99
42547.0,2023091708.0,4093.0,3.994,0.027,39.940000000000005
42589.0,2023091708.0,3665.0,4.003,0.108,40.03
42718.0,2023091712.0,3215.0,3.969,0.024,39.69
42794.0,2023091701.0,1317.0,4.084,0.16,40.839999999999996
42816.0,2023091800.0,3852.0,5.695,0.043,56.95
42929.0,2023091711.0,3369.0,5.709,0.029,57.089999999999996
43290.0,2023091703.0,4179.0,3.951,0.018,39.51
43293.0,2023091712.0,788.0,4.118,0.098,41.18000000000001
43296.0,2023091003.0,3750.0,6.428,0.8,64.28
43298.0,2023091701.0,637.0,6.352,0.8,63.52
43299.0,2023091712.0,4453.0,5.231,0.022,52.31
43306.0,2023091801.0,4431.0,5.459,0.026,54.589999999999996
43314.0,2023091703.0,3733.0,5.44,0.052,54.400000000000006
43324.0,2023091712.0,4453.0,3.996,0.019,39.96
43327.0,2023091712.0,4453.0,5.222,0.019,52.220000000000006
43329.0,2023091708.0,3886.0,4.108,0.098,41.08
43333.0,2023091013.0,2213.0,4.728,0.8,47.28
43334.0,2023091707.0,3600.0,4.004,0.062,40.03999999999999
43336.0,2023091800.0,3852.0,3.966,0.023,39.660000000000004
43344.0,2023091702.0,4016.0,3.869,0.02,38.690000000000005
43350.0,2023091800.0,3852.0,5.706,0.027,57.06
43351.0,2023091011.0,4457.0,6.089,0.028,60.89
43353.0,2023091707.0,4001.0,5.279,0.019,52.79
43366.0,2023091001.0,2151.0,5.072,0.8,50.72
43370.0,2023091701.0,3025.0,3.935,0.045,39.35
43373.0,2023091711.0,4627.0,5.411,0.023,54.11
43387.0,2023091711.0,3794.0,5.327,0.021,53.269999999999996
43395.0,2023091704.0,206.0,5.666,0.062,56.660000000000004
43396.0,2023091707.0,3600.0,3.774,0.098,37.74
43399.0,2023091709.0,4397.0,3.949,0.017,39.489999999999995
43404.0,2023091700.0,3873.0,5.599,0.026,55.99
43411.0,2023091706.0,726.0,6.436,0.8,64.36
43415.0,2023091709.0,4397.0,4.087,0.19,40.87
43424.0,2023091710.0,4152.0,3.912,0.02,39.12
43426.0,2023091004.0,1839.0,4.932,0.8,49.32000000000001
43435.0,2023091712.0,3215.0,6.013,0.089,60.129999999999995
43436.0,2023091100.0,629.0,4.56,0.8,45.599999999999994
43454.0,2023091712.0,3606.0,4.123,0.02,41.230000000000004
43474.0,2023091704.0,2214.0,5.888,0.089,58.879999999999995
43497.0,2023091800.0,3042.0,5.825,0.058,58.25
43503.0,2023091801.0,4169.0,5.266,0.082,52.66
43522.0,2023091712.0,3215.0,5.495,0.075,54.95
43533.0,2023091710.0,4103.0,5.607,0.028,56.07
43584.0,2023091703.0,3874.0,3.916,0.058,39.16
43641.0,2023091702.0,3367.0,5.842,0.029,58.419999999999995
43694.0,2023091001.0,284.0,5.5,0.8,55.0
43700.0,2023091011.0,4427.0,5.192,0.058,51.92
43797.0,2023091001.0,3302.0,5.037,0.308,50.37
43971.0,2023091400.0,4107.0,3.91,0.052,39.1
43986.0,2023091708.0,1168.0,5.456,0.235,54.56
44174.0,2023091710.0,1820.0,4.864,0.8,48.64
44792.0,2023091704.0,2817.0,3.816,0.062,38.16
44813.0,2023091002.0,3594.0,6.313,0.444,63.129999999999995
44819.0,2023091707.0,4001.0,3.994,0.023,39.940000000000005
44820.0,2023091709.0,3812.0,3.932,0.03,39.32
44822.0,2023091705.0,4350.0,4.03,0.015,40.300000000000004
44823.0,2023091800.0,4369.0,6.094,0.02,60.940000000000005
44824.0,2023091801.0,4431.0,3.932,0.018,39.32
44827.0,2023091710.0,4103.0,5.687,0.03,56.870000000000005
44830.0,2023091708.0,4341.0,5.554,0.023,55.540000000000006
44834.0,2023091703.0,4401.0,5.31,0.108,53.099999999999994
44835.0,2023091705.0,4117.0,3.959,0.022,39.59
44837.0,2023091712.0,3606.0,5.668,0.025,56.68
44839.0,2023091701.0,3025.0,5.542,0.032,55.42
44841.0,2023091801.0,4431.0,3.99,0.024,39.900000000000006
44842.0,2023091801.0,3509.0,5.234,0.235,52.34
44848.0,2023091007.0,3145.0,5.413,0.045,54.13
44849.0,2023091705.0,4032.0,3.873,0.026,38.730000000000004
44851.0,2023091800.0,4369.0,5.686,0.02,56.86
44852.0,2023091711.0,3794.0,3.916,0.03,39.16
44853.0,2023091710.0,4044.0,3.863,0.075,38.63
44854.0,2023091001.0,1574.0,6.145,0.098,61.449999999999996
44856.0,2023091707.0,4001.0,4.133,0.045,41.33
44860.0,2023091702.0,4016.0,3.931,0.035,39.31
44862.0,2023091400.0,4132.0,5.639,0.013,56.39
44869.0,2023091400.0,4000.0,5.547,0.015,55.47
44872.0,2023091702.0,3367.0,5.836,0.028,58.36
44874.0,2023091712.0,4055.0,3.997,0.031,39.97
44878.0,2023091709.0,3812.0,4.759,0.028,47.59
44888.0,2023091703.0,4478.0,5.431,0.019,54.31
44893.0,2023091711.0,1363.0,5.732,0.235,57.32
44896.0,2023091706.0,3751.0,4.061,0.023,40.61
44901.0,2023091008.0,3923.0,3.972,0.138,39.72
44902.0,2023091704.0,2880.0,5.307,0.16,53.07000000000001
44903.0,2023091709.0,77.0,4.752,0.8,47.519999999999996
44904.0,2023091710.0,3815.0,5.575,0.16,55.75
44906.0,2023091703.0,4478.0,5.354,0.016,53.54
44911.0,2023091700.0,3873.0,5.28,0.019,52.800000000000004
44912.0,2023091700.0,3873.0,4.061,0.062,40.61
44915.0,2023091702.0,2515.0,5.395,0.308,53.949999999999996
44917.0,2023091708.0,3082.0,3.983,0.04,39.83
44925.0,2023091706.0,676.0,5.186,0.035,51.86
44926.0,2023091705.0,4350.0,5.621,0.016,56.21000000000001
44927.0,2023091711.0,4627.0,4.022,0.037,40.22
44930.0,2023091703.0,4179.0,3.977,0.022,39.769999999999996
44931.0,2023091700.0,3873.0,4.053,0.045,40.53
44938.0,2023091704.0,4457.0,5.68,0.8,56.8
44947.0,2023091800.0,881.0,3.949,0.058,39.489999999999995
44948.0,2023091708.0,4341.0,3.896,0.022,38.96
44957.0,2023091704.0,3619.0,5.016,0.8,50.16
44959.0,2023091709.0,3812.0,3.969,0.031,39.69
44962.0,2023091801.0,4431.0,5.632,0.021,56.31999999999999
44974.0,2023091801.0,3000.0,6.046,0.049,60.46
44976.0,2023091701.0,3025.0,5.591,0.035,55.910000000000004
44978.0,2023091705.0,4064.0,3.873,0.075,38.730000000000004
44985.0,2023091003.0,1782.0,4.248,0.8,42.480000000000004
44990.0,2023091706.0,3512.0,3.928,0.07,39.28
44995.0,2023091008.0,2520.0,3.981,0.082,39.81
45004.0,2023091800.0,3852.0,5.557,0.027,55.57000000000001
45021.0,2023091700.0,3873.0,5.603,0.021,56.03
45052.0,2023091001.0,4662.0,3.934,0.041,39.34
45094.0,2023091004.0,1933.0,3.728,0.444,37.28
45102.0,2023091708.0,2300.0,4.188,0.138,41.879999999999995
45185.0,2023091712.0,4453.0,3.991,0.019,39.910000000000004
45186.0,2023091013.0,3538.0,3.942,0.308,39.42
45215.0,2023091008.0,4539.0,5.913,0.16,59.13
45244.0,2023091800.0,3042.0,3.721,0.16,37.21
45268.0,2023091702.0,2515.0,3.836,0.235,38.36
45287.0,2023091704.0,4457.0,5.947,0.017,59.47
45339.0,2023091712.0,2480.0,4.432,0.235,44.32000000000001
45345.0,2023091400.0,4107.0,5.662,0.03,56.62
45536.0,2023091013.0,3974.0,4.226,0.8,42.26
45571.0,2023091707.0,3600.0,5.564,0.022,55.64
45573.0,2023091010.0,4207.0,3.962,0.07,39.620000000000005
45635.0,2023091706.0,3981.0,3.737,0.121,37.370000000000005
45719.0,2023091704.0,4041.0,4.073,0.108,40.730000000000004
45900.0,2023091712.0,3576.0,3.905,0.058,39.05
46070.0,2023091706.0,3751.0,3.892,0.019,38.92
46071.0,2023091708.0,4145.0,3.92,0.03,39.2
46073.0,2023091801.0,2955.0,5.384,0.028,53.84
46074.0,2023091712.0,1639.0,5.916,0.235,59.160000000000004
46076.0,2023091701.0,3144.0,3.99,0.016,39.900000000000006
46077.0,2023091702.0,4016.0,5.59,0.02,55.9
46080.0,2023091801.0,2789.0,5.707,0.028,57.07
46081.0,2023091004.0,4015.0,4.404,0.8,44.04
46085.0,2023091706.0,3751.0,5.307,0.022,53.07000000000001
46086.0,2023091707.0,3600.0,5.622,0.02,56.22
46087.0,2023091700.0,3873.0,5.747,0.024,57.47
46088.0,2023091710.0,4103.0,5.187,0.033,51.870000000000005
46093.0,2023091706.0,3981.0,3.908,0.022,39.08
46094.0,2023091800.0,4304.0,3.874,0.027,38.74
46095.0,2023091705.0,4117.0,3.944,0.023,39.44
46096.0,2023091400.0,3117.0,3.735,0.444,37.35
46097.0,2023091400.0,4132.0,5.337,0.024,53.37
46099.0,2023091700.0,2941.0,6.0,0.8,60.0
46101.0,2023091702.0,3367.0,3.929,0.026,39.29
46104.0,2023091801.0,1163.0,4.208,0.108,42.08
46105.0,2023091704.0,4457.0,5.865,0.024,58.650000000000006
46109.0,2023091711.0,4627.0,3.958,0.02,39.58
46110.0,2023091707.0,3324.0,5.147,0.082,51.47
46111.0,2023091712.0,4453.0,3.94,0.025,39.4
46116.0,2023091705.0,4117.0,3.844,0.027,38.44
46117.0,2023091703.0,2268.0,5.655,0.19,56.550000000000004
46118.0,2023091400.0,3668.0,4.009,0.028,40.09
46122.0,2023091704.0,3791.0,5.631,0.034,56.31
46123.0,2023091700.0,4212.0,5.379,0.022,53.78999999999999
46124.0,2023091800.0,3852.0,5.559,0.028,55.59
46127.0,2023091709.0,4397.0,5.667,0.017,56.67
46130.0,2023091800.0,4369.0,3.856,0.058,38.56
46132.0,2023091004.0,4040.0,5.627,0.026,56.269999999999996
46137.0,2023091705.0,4117.0,5.605,0.021,56.050000000000004
46138.0,2023091002.0,1260.0,5.736,0.8,57.36
46139.0,2023091709.0,4397.0,5.465,0.013,54.65
46141.0,2023091005.0,3042.0,6.008,0.8,60.08
46142.0,2023091712.0,4453.0,5.612,0.023,56.120000000000005
46146.0,2023091702.0,584.0,6.038,0.444,60.38
46150.0,2023091710.0,3299.0,3.98,0.024,39.8
46151.0,2023091703.0,736.0,5.496,0.8,54.96000000000001
46153.0,2023091706.0,77.0,5.496,0.8,54.96000000000001
46155.0,2023091702.0,3367.0,3.914,0.047,39.14
46156.0,2023091707.0,2745.0,5.064,0.8,50.64
46157.0,2023091006.0,4420.0,5.649,0.308,56.49
46167.0,2023091801.0,4169.0,3.896,0.089,38.96
46168.0,2023091005.0,3603.0,5.922,0.308,59.22
46170.0,2023091800.0,2500.0,3.969,0.19,39.69
46175.0,2023091711.0,3794.0,5.79,0.025,57.9
46186.0,2023091710.0,4152.0,5.389,0.017,53.89
46188.0,2023091708.0,4145.0,5.374,0.019,53.739999999999995
46189.0,2023091703.0,4478.0,3.987,0.049,39.870000000000005
46190.0,2023091701.0,3025.0,5.751,0.032,57.510000000000005
46192.0,2023091712.0,3606.0,3.954,0.018,39.54
46194.0,2023091400.0,1025.0,5.513,0.025,55.129999999999995
46199.0,2023091400.0,2475.0,6.176,0.8,61.760000000000005
46203.0,2023091004.0,2607.0,3.733,0.444,37.33
46206.0,2023091704.0,4457.0,3.835,0.018,38.35
46211.0,2023091710.0,4152.0,5.814,0.017,58.14
46212.0,2023091712.0,3606.0,5.474,0.027,54.74
46213.0,2023091705.0,3670.0,3.92,0.029,39.2
46215.0,2023091700.0,4212.0,5.938,0.022,59.379999999999995
46223.0,2023091701.0,3521.0,5.44,0.8,54.400000000000006
46226.0,2023091710.0,3973.0,4.034,0.04,40.339999999999996
46229.0,2023091801.0,2698.0,6.1,0.8,61.0
46243.0,2023091705.0,4350.0,3.965,0.019,39.65
46256.0,2023091006.0,2657.0,4.312,0.8,43.120000000000005
46259.0,2023091712.0,4453.0,5.644,0.019,56.44
46269.0,2023091705.0,3789.0,5.761,0.017,57.61
46270.0,2023091400.0,685.0,3.938,0.444,39.38
46279.0,2023091712.0,3215.0,3.89,0.025,38.9
46304.0,2023091704.0,4457.0,5.975,0.018,59.75
46306.0,2023091710.0,2266.0,4.061,0.8,40.61
46309.0,2023091705.0,4350.0,3.912,0.07,39.12
46310.0,2023091706.0,3751.0,5.243,0.089,52.43000000000001
46331.0,2023091006.0,4079.0,4.356,0.444,43.56
46349.0,2023091006.0,4395.0,5.076,0.8,50.76
46424.0,2023091703.0,3690.0,3.77,0.19,37.7
46437.0,2023091702.0,3246.0,4.042,0.121,40.42
46456.0,2023091705.0,4350.0,5.69,0.016,56.900000000000006
46461.0,2023091001.0,4662.0,4.138,0.089,41.379999999999995
46522.0,2023091711.0,3747.0,3.955,0.19,39.55
46527.0,2023091800.0,3042.0,5.908,0.037,59.080000000000005
46542.0,2023091800.0,837.0,4.117,0.19,41.17
46652.0,2023091801.0,4431.0,5.751,0.047,57.510000000000005
46657.0,2023091708.0,2018.0,5.544,0.108,55.44
46669.0,2023091008.0,4539.0,5.71,0.108,57.1
46671.0,2023091701.0,2705.0,4.055,0.075,40.55
46672.0,2023091704.0,3791.0,6.056,0.04,60.56
46684.0,2023091700.0,989.0,4.668,0.8,46.68
46698.0,2023091801.0,4431.0,5.923,0.018,59.230000000000004
46699.0,2023091706.0,3475.0,4.792,0.8,47.92
46700.0,2023091705.0,4350.0,5.923,0.022,59.230000000000004
46705.0,2023091710.0,4103.0,3.991,0.029,39.910000000000004
46711.0,2023091706.0,3981.0,5.632,0.018,56.31999999999999
46724.0,2023091003.0,1171.0,6.092,0.8,60.919999999999995
46757.0,2023091709.0,4397.0,4.923,0.013,49.230000000000004
46759.0,2023091706.0,2542.0,3.645,0.308,36.45
46775.0,2023091707.0,2617.0,5.769,0.03,57.69
46807.0,2023091708.0,4145.0,5.406,0.03,54.059999999999995
46902.0,2023091701.0,3144.0,5.534,0.021,55.339999999999996
46908.0,2023091008.0,4539.0,5.726,0.235,57.26
46968.0,2023091007.0,3145.0,5.313,0.082,53.129999999999995
46992.0,2023091700.0,3843.0,4.083,0.235,40.83
47605.0,2023091705.0,1027.0,4.044,0.444,40.44
47749.0,2023091009.0,3386.0,3.972,0.121,39.72
47788.0,2023091706.0,3981.0,5.476,0.022,54.76
47789.0,2023091708.0,4145.0,3.971,0.018,39.71
47790.0,2023091705.0,1285.0,5.708,0.16,57.08
47791.0,2023091400.0,4132.0,3.869,0.017,38.690000000000005
47793.0,2023091012.0,3197.0,5.43,0.138,54.3
47799.0,2023091800.0,3852.0,5.686,0.235,56.86
47802.0,2023091707.0,1259.0,5.028,0.8,50.279999999999994
47803.0,2023091703.0,4401.0,3.989,0.043,39.89
47804.0,2023091700.0,3873.0,5.561,0.023,55.61
47807.0,2023091701.0,3000.0,3.935,0.04,39.35
47808.0,2023091708.0,4341.0,3.981,0.024,39.81
47809.0,2023091711.0,2647.0,5.024,0.8,50.24
47816.0,2023091400.0,3668.0,5.34,0.024,53.4
47817.0,2023091702.0,2981.0,5.259,0.055,52.59
47819.0,2023091709.0,3812.0,3.959,0.024,39.59
47822.0,2023091707.0,4001.0,5.398,0.019,53.98
47826.0,2023091712.0,3606.0,5.643,0.045,56.43
47833.0,2023091702.0,3901.0,3.912,0.024,39.12
47834.0,2023091400.0,3668.0,3.977,0.024,39.769999999999996
47835.0,2023091702.0,4016.0,4.351,0.235,43.51
47836.0,2023091800.0,4114.0,3.928,0.043,39.28
47839.0,2023091710.0,4103.0,3.944,0.108,39.44
47842.0,2023091708.0,3886.0,4.003,0.022,40.03
47844.0,2023091701.0,3521.0,5.04,0.8,50.4
47846.0,2023091801.0,3000.0,5.699,0.066,56.989999999999995
47847.0,2023091703.0,4478.0,3.87,0.024,38.7
47849.0,2023091006.0,2736.0,3.975,0.062,39.75
47852.0,2023091400.0,3438.0,3.975,0.066,39.75
47855.0,2023091702.0,3269.0,5.645,0.027,56.449999999999996
47856.0,2023091703.0,2960.0,3.945,0.045,39.449999999999996
47857.0,2023091704.0,4457.0,3.87,0.052,38.7
47859.0,2023091711.0,3369.0,4.024,0.028,40.24
47862.0,2023091701.0,2337.0,5.7,0.308,57.0
47863.0,2023091801.0,3000.0,5.816,0.07,58.16
47864.0,2023090700.0,3324.0,5.338,0.444,53.38
47870.0,2023091701.0,3144.0,3.851,0.19,38.51
47871.0,2023091711.0,4524.0,5.34,0.023,53.4
47872.0,2023091708.0,4341.0,5.804,0.025,58.040000000000006
47876.0,2023091801.0,3000.0,3.725,0.16,37.25
47877.0,2023091706.0,3981.0,5.867,0.018,58.67
47878.0,2023091708.0,3128.0,5.556,0.235,55.56
47879.0,2023091701.0,2777.0,3.984,0.024,39.84
47881.0,2023091710.0,4152.0,5.575,0.018,55.75
47882.0,2023091705.0,4032.0,5.531,0.052,55.309999999999995
47885.0,2023091400.0,4000.0,3.965,0.023,39.65
47888.0,2023091703.0,4478.0,5.538,0.017,55.38
47890.0,2023091706.0,1173.0,5.66,0.16,56.6
47891.0,2023091703.0,4179.0,5.495,0.016,54.95
47896.0,2023091702.0,2599.0,3.841,0.075,38.410000000000004
47899.0,2023091005.0,4270.0,5.496,0.055,54.96000000000001
47904.0,2023091707.0,2617.0,4.057,0.098,40.57000000000001
47911.0,2023091710.0,3299.0,3.927,0.035,39.27
47913.0,2023091705.0,4117.0,5.758,0.075,57.58
47915.0,2023091005.0,3603.0,5.669,0.444,56.69
47917.0,2023091706.0,1537.0,4.772,0.8,47.72
47920.0,2023091800.0,1945.0,3.975,0.07,39.75
47931.0,2023091709.0,4397.0,5.363,0.013,53.63
47932.0,2023091701.0,3521.0,4.009,0.045,40.09
47934.0,2023091712.0,3844.0,5.175,0.055,51.75
47938.0,2023091011.0,3262.0,6.013,0.235,60.129999999999995
47939.0,2023091008.0,1473.0,5.984,0.8,59.84
47941.0,2023091012.0,3663.0,5.314,0.108,53.14
47947.0,2023091704.0,4041.0,5.657,0.043,56.57
47954.0,2023091708.0,4145.0,4.08,0.024,40.8
47956.0,2023091801.0,4431.0,5.444,0.023,54.44
47961.0,2023091704.0,3791.0,3.839,0.052,38.39
47965.0,2023091702.0,3796.0,3.86,0.121,38.6
47970.0,2023091003.0,4333.0,3.585,0.235,35.85
47971.0,2023091712.0,4428.0,5.418,0.043,54.18
47974.0,2023091701.0,2777.0,5.47,0.018,54.699999999999996
47991.0,2023091700.0,3232.0,4.332,0.308,43.32
48026.0,2023091702.0,3189.0,5.626,0.025,56.260000000000005
48027.0,2023091700.0,4189.0,5.43,0.024,54.3
48096.0,2023091704.0,1609.0,3.72,0.235,37.2
48097.0,2023091009.0,3754.0,3.879,0.049,38.79
48207.0,2023091008.0,1473.0,4.324,0.444,43.239999999999995
48208.0,2023091002.0,4036.0,3.942,0.8,39.42
48233.0,2023091712.0,3606.0,3.982,0.049,39.82
48241.0,2023091700.0,3873.0,5.505,0.028,55.05
48266.0,2023091703.0,1206.0,4.116,0.444,41.16
48268.0,2023091707.0,4001.0,5.656,0.021,56.559999999999995
48374.0,2023091400.0,3668.0,3.987,0.089,39.870000000000005
48415.0,2023091701.0,2675.0,3.964,0.089,39.64
48456.0,2023091707.0,3807.0,4.176,0.041,41.760000000000005
48471.0,2023091702.0,4016.0,3.876,0.138,38.76
48482.0,2023091701.0,3521.0,4.992,0.8,49.92
48487.0,2023091701.0,3521.0,5.452,0.8,54.519999999999996
48508.0,2023091705.0,3601.0,5.495,0.235,54.95
48516.0,2023091706.0,3266.0,5.499,0.021,54.989999999999995
48537.0,2023091005.0,4147.0,6.091,0.444,60.910000000000004
48541.0,2023091711.0,4219.0,4.077,0.04,40.769999999999996
48581.0,2023091701.0,3144.0,5.28,0.444,52.800000000000004
48707.0,2023091703.0,3874.0,4.14,0.308,41.4
48988.0,2023091801.0,1071.0,4.013,0.8,40.129999999999995
49410.0,2023091708.0,4145.0,5.557,0.018,55.57000000000001
52272.0,2023091700.0,4212.0,5.561,0.029,55.61
52409.0,2023091702.0,4016.0,3.8,0.02,38.0
52413.0,2023091712.0,3606.0,3.918,0.016,39.18
52414.0,2023091707.0,4001.0,3.957,0.018,39.57
52416.0,2023091708.0,4048.0,5.093,0.082,50.93
52417.0,2023091800.0,3852.0,5.799,0.029,57.99
52423.0,2023091711.0,4627.0,4.089,0.049,40.89
52424.0,2023091700.0,4212.0,5.069,0.021,50.69
52425.0,2023091710.0,3299.0,3.921,0.021,39.21
52428.0,2023091003.0,4201.0,6.196,0.444,61.959999999999994
52430.0,2023091400.0,4132.0,3.955,0.013,39.55
52431.0,2023091707.0,3600.0,5.555,0.022,55.55
52433.0,2023091709.0,3812.0,3.918,0.027,39.18
52434.0,2023091700.0,4212.0,3.972,0.023,39.72
52435.0,2023091703.0,4179.0,5.461,0.025,54.61
52436.0,2023091702.0,4016.0,5.467,0.02,54.669999999999995
52438.0,2023091013.0,3870.0,5.105,0.19,51.050000000000004
52440.0,2023091705.0,3097.0,4.108,0.098,41.08
52441.0,2023091702.0,3901.0,3.88,0.021,38.8
52442.0,2023091704.0,3791.0,3.93,0.019,39.300000000000004
52443.0,2023091400.0,2885.0,3.992,0.066,39.92
52444.0,2023091708.0,4341.0,5.499,0.023,54.989999999999995
52445.0,2023091712.0,3606.0,5.539,0.022,55.39
52446.0,2023091800.0,2839.0,5.767,0.444,57.67
52450.0,2023091800.0,2430.0,3.744,0.138,37.440000000000005
52451.0,2023091706.0,3512.0,3.912,0.026,39.12
52452.0,2023091801.0,3000.0,5.879,0.028,58.78999999999999
52453.0,2023091706.0,3981.0,5.567,0.018,55.67
52456.0,2023091703.0,3690.0,4.998,0.308,49.980000000000004
52457.0,2023091706.0,3981.0,3.914,0.03,39.14
52458.0,2023091706.0,3751.0,5.2,0.02,52.0
52459.0,2023091710.0,4103.0,5.995,0.026,59.95
52460.0,2023091012.0,3298.0,4.022,0.444,40.22
52461.0,2023091400.0,3668.0,3.905,0.023,39.05
52462.0,2023091100.0,804.0,5.468,0.8,54.68
52463.0,2023091001.0,2523.0,4.001,0.16,40.010000000000005
52465.0,2023091709.0,4342.0,3.874,0.014,38.74
52468.0,2023091712.0,2732.0,5.788,0.235,57.88
52469.0,2023091005.0,3875.0,5.988,0.098,59.88
52470.0,2023091700.0,3373.0,3.954,0.052,39.54
52471.0,2023091705.0,3890.0,5.911,0.049,59.11
52472.0,2023091800.0,2196.0,5.499,0.075,54.989999999999995
52473.0,2023091702.0,3189.0,5.658,0.025,56.580000000000005
52474.0,2023091711.0,3794.0,3.872,0.035,38.72
52476.0,2023091710.0,3029.0,5.671,0.444,56.71
52482.0,2023091005.0,2440.0,4.914,0.308,49.14
52493.0,2023091704.0,4457.0,5.829,0.017,58.29
52494.0,2023091704.0,3791.0,3.855,0.049,38.55
52500.0,2023091702.0,3246.0,3.971,0.19,39.71
52502.0,2023091700.0,2395.0,3.982,0.108,39.82
52506.0,2023091702.0,2663.0,5.162,0.235,51.62
52510.0,2023091801.0,1945.0,5.871,0.19,58.71000000000001
52513.0,2023091711.0,4627.0,4.067,0.029,40.67
52515.0,2023091002.0,3716.0,5.644,0.444,56.44
52518.0,2023091013.0,2802.0,5.476,0.444,54.76
52520.0,2023091707.0,4001.0,4.001,0.037,40.010000000000005
52523.0,2023091801.0,4169.0,4.044,0.07,40.44
52525.0,2023091400.0,3668.0,5.562,0.19,55.620000000000005
52532.0,2023091006.0,4420.0,3.815,0.308,38.15
52535.0,2023091708.0,4145.0,5.513,0.02,55.129999999999995
52536.0,2023091701.0,3144.0,4.006,0.019,40.06
52541.0,2023091703.0,4401.0,4.09,0.082,40.9
52542.0,2023091700.0,4212.0,5.165,0.16,51.65
52544.0,2023091709.0,4317.0,4.038,0.108,40.38
52546.0,2023091705.0,4117.0,5.14,0.023,51.4
52547.0,2023091009.0,2932.0,5.188,0.8,51.879999999999995
52552.0,2023091012.0,1831.0,4.197,0.8,41.97
52571.0,2023091005.0,2283.0,4.754,0.235,47.53999999999999
52581.0,2023091706.0,1433.0,3.918,0.034,39.18
52584.0,2023091400.0,4132.0,3.909,0.014,39.089999999999996
52585.0,2023091705.0,2636.0,4.947,0.444,49.47
52594.0,2023091707.0,3600.0,5.547,0.018,55.47
52595.0,2023091801.0,4431.0,3.988,0.022,39.88
52598.0,2023091006.0,1027.0,4.381,0.8,43.81
52607.0,2023091709.0,3812.0,5.093,0.028,50.93
52608.0,2023091400.0,461.0,3.895,0.043,38.95
52613.0,2023091400.0,3668.0,5.474,0.031,54.74
52615.0,2023091708.0,4145.0,3.922,0.028,39.22
52624.0,2023091711.0,4627.0,5.293,0.023,52.93
52625.0,2023091709.0,3812.0,3.947,0.049,39.47
52627.0,2023091702.0,4016.0,5.681,0.02,56.81
52637.0,2023091007.0,3542.0,5.178,0.444,51.78
52641.0,2023091007.0,1167.0,5.972,0.8,59.720000000000006
52647.0,2023091701.0,3521.0,5.316,0.8,53.16
52673.0,2023091702.0,2663.0,4.051,0.8,40.510000000000005
52746.0,2023091005.0,991.0,4.08,0.8,40.8
52762.0,2023091800.0,3042.0,3.84,0.098,38.4
52764.0,2023091711.0,3794.0,5.647,0.031,56.47
52835.0,2023091709.0,2785.0,5.341,0.066,53.410000000000004
52844.0,2023091709.0,3018.0,5.264,0.055,52.64
52858.0,2023091800.0,2430.0,3.775,0.308,37.75
52863.0,2023091708.0,4145.0,5.437,0.038,54.370000000000005
52875.0,2023091700.0,4212.0,4.263,0.235,42.629999999999995
52897.0,2023091704.0,3791.0,5.859,0.121,58.59
52904.0,2023091801.0,4004.0,5.542,0.444,55.42
52922.0,2023091712.0,1946.0,4.07,0.07,40.7
52942.0,2023091800.0,3852.0,3.884,0.028,38.839999999999996
52991.0,2023091712.0,3606.0,5.796,0.024,57.96
53041.0,2023091710.0,4152.0,3.932,0.308,39.32
53047.0,2023091013.0,3711.0,4.132,0.235,41.31999999999999
53053.0,2023091710.0,1137.0,4.884,0.8,48.84
53074.0,2023091707.0,3600.0,3.841,0.028,38.410000000000004
53075.0,2023091701.0,3521.0,3.818,0.047,38.18
53079.0,2023091701.0,807.0,3.982,0.8,39.82
53117.0,2023091710.0,3029.0,3.909,0.098,39.089999999999996
53187.0,2023091008.0,4539.0,5.741,0.235,57.41
53430.0,2023091705.0,4117.0,3.917,0.02,39.17
53431.0,2023091710.0,4103.0,3.889,0.029,38.89
53433.0,2023091700.0,3873.0,3.933,0.032,39.33
53434.0,2023091702.0,4016.0,3.865,0.02,38.650000000000006
53435.0,2023091712.0,3606.0,3.996,0.021,39.96
53437.0,2023091000.0,1599.0,4.606,0.308,46.06
53438.0,2023091711.0,3794.0,5.622,0.021,56.22
53439.0,2023091400.0,3668.0,3.992,0.023,39.92
53440.0,2023091706.0,3981.0,3.839,0.021,38.39
53444.0,2023091712.0,4453.0,3.941,0.015,39.41
53445.0,2023091708.0,2522.0,5.555,0.19,55.55
53447.0,2023091010.0,2261.0,5.038,0.444,50.38
53448.0,2023091711.0,4219.0,5.24,0.047,52.400000000000006
53449.0,2023091705.0,3789.0,3.858,0.062,38.58
53450.0,2023091704.0,4457.0,5.4,0.8,54.0
53453.0,2023091801.0,3000.0,3.939,0.045,39.39
53454.0,2023091705.0,3928.0,3.915,0.028,39.15
53455.0,2023091801.0,3000.0,5.512,0.028,55.12
53456.0,2023091702.0,3367.0,3.859,0.049,38.59
53460.0,2023091001.0,3216.0,5.504,0.444,55.03999999999999
53461.0,2023091706.0,397.0,5.673,0.121,56.730000000000004
53462.0,2023091705.0,4350.0,5.636,0.016,56.36
53463.0,2023091801.0,4431.0,3.913,0.024,39.129999999999995
53464.0,2023091711.0,4035.0,3.959,0.058,39.59
53465.0,2023091712.0,4453.0,5.385,0.019,53.849999999999994
53469.0,2023091700.0,4212.0,5.63,0.022,56.3
53470.0,2023091703.0,1663.0,4.532,0.8,45.32
53472.0,2023091701.0,3144.0,5.512,0.019,55.12
53476.0,2023091707.0,3600.0,5.206,0.021,52.06
53478.0,2023091708.0,4341.0,3.973,0.035,39.73
53481.0,2023091801.0,2955.0,5.982,0.045,59.82
53484.0,2023091801.0,3000.0,4.0,0.028,40.0
53486.0,2023091709.0,4397.0,3.938,0.013,39.38
53487.0,2023091705.0,4117.0,5.828,0.026,58.28
53488.0,2023091800.0,4197.0,3.946,0.028,39.46
53489.0,2023091800.0,4339.0,5.698,0.025,56.980000000000004
53494.0,2023091705.0,4350.0,5.725,0.017,57.25
53503.0,2023091711.0,4627.0,5.304,0.023,53.040000000000006
53505.0,2023091800.0,4369.0,5.209,0.019,52.089999999999996
53506.0,2023091707.0,4001.0,3.879,0.026,38.79
53509.0,2023091701.0,3144.0,5.454,0.023,54.54
53511.0,2023091711.0,3794.0,3.902,0.058,39.02
53512.0,2023091800.0,4369.0,3.905,0.16,39.05
53518.0,2023091704.0,4302.0,3.95,0.021,39.5
53519.0,2023091004.0,2850.0,6.46,0.235,64.6
53529.0,2023091707.0,4001.0,5.415,0.023,54.15
53531.0,2023091709.0,2642.0,5.44,0.034,54.400000000000006
53532.0,2023091709.0,3018.0,5.39,0.034,53.9
53533.0,2023091702.0,4016.0,5.902,0.017,59.02
53536.0,2023091710.0,4103.0,3.969,0.098,39.69
53540.0,2023091002.0,819.0,4.5,0.8,45.0
53541.0,2023091703.0,4179.0,3.912,0.02,39.12
53542.0,2023091703.0,4478.0,5.343,0.043,53.43
53549.0,2023091712.0,4453.0,4.002,0.025,40.019999999999996
53553.0,2023091711.0,3794.0,3.806,0.089,38.06
53554.0,2023091400.0,3668.0,5.568,0.023,55.67999999999999
53555.0,2023091800.0,4369.0,3.816,0.049,38.16
53556.0,2023091704.0,3791.0,3.89,0.025,38.9
53564.0,2023091707.0,1347.0,4.928,0.8,49.28
53565.0,2023091708.0,4145.0,5.602,0.018,56.02
53566.0,2023091703.0,4179.0,5.516,0.02,55.16
53574.0,2023091705.0,4064.0,3.836,0.16,38.36
53575.0,2023091710.0,1820.0,5.154,0.308,51.54
53576.0,2023091704.0,4375.0,3.925,0.16,39.25
53579.0,2023091011.0,3797.0,4.005,0.07,40.05
53583.0,2023091710.0,1678.0,5.484,0.023,54.84
53589.0,2023091712.0,3215.0,5.718,0.098,57.18
53591.0,2023091705.0,2722.0,4.03,0.024,40.300000000000004
53592.0,2023091711.0,4627.0,5.29,0.022,52.9
53596.0,2023091701.0,2777.0,5.594,0.02,55.940000000000005
53601.0,2023091709.0,4397.0,5.813,0.013,58.129999999999995
53604.0,2023091708.0,4341.0,5.554,0.023,55.540000000000006
53609.0,2023091709.0,4397.0,5.339,0.012,53.39
53614.0,2023091707.0,3600.0,5.609,0.075,56.09
53623.0,2023091006.0,1974.0,4.291,0.444,42.910000000000004
53625.0,2023091013.0,3870.0,4.05,0.235,40.5
53629.0,2023091710.0,3299.0,5.619,0.138,56.19
53631.0,2023091002.0,4036.0,3.66,0.308,36.6
53639.0,2023091708.0,2698.0,5.409,0.444,54.089999999999996
53646.0,2023091706.0,3447.0,3.98,0.082,39.8
53649.0,2023091700.0,2147.0,6.05,0.108,60.5
53656.0,2023091710.0,4021.0,5.43,0.098,54.3
53662.0,2023091003.0,4551.0,3.908,0.16,39.08
53668.0,2023091711.0,551.0,6.215,0.19,62.15
53678.0,2023091709.0,4317.0,3.93,0.098,39.300000000000004
53703.0,2023091003.0,4494.0,3.871,0.062,38.71
53707.0,2023091705.0,1027.0,4.405,0.8,44.050000000000004
53724.0,2023090700.0,3674.0,4.272,0.444,42.72
53819.0,2023091702.0,4016.0,5.643,0.02,56.43
53854.0,2023091013.0,3974.0,5.363,0.19,53.63
53855.0,2023091701.0,2777.0,3.972,0.235,39.72
53921.0,2023091707.0,1413.0,5.216,0.8,52.160000000000004
53932.0,2023091800.0,2968.0,3.858,0.082,38.58
53946.0,2023091400.0,2885.0,4.066,0.138,40.66
53953.0,2023091703.0,4478.0,5.659,0.016,56.589999999999996
53959.0,2023091703.0,3827.0,3.821,0.089,38.21
54026.0,2023091400.0,4107.0,5.422,0.062,54.22
54054.0,2023091709.0,1581.0,4.454,0.8,44.54
54466.0,2023091705.0,3601.0,5.534,0.121,55.339999999999996
54467.0,2023091703.0,1663.0,4.488,0.8,44.88
54468.0,2023091704.0,3791.0,4.979,0.031,49.79
54469.0,2023091710.0,4152.0,5.215,0.016,52.15
54470.0,2023091708.0,2886.0,5.703,0.121,57.03
54473.0,2023091700.0,3873.0,3.679,0.034,36.79
54475.0,2023091710.0,4044.0,4.033,0.03,40.330000000000005
54476.0,2023091800.0,3852.0,3.898,0.024,38.980000000000004
54479.0,2023091702.0,4016.0,5.31,0.018,53.099999999999994
54481.0,2023091711.0,3794.0,3.943,0.023,39.43
54483.0,2023091707.0,3520.0,4.051,0.026,40.510000000000005
54485.0,2023091801.0,3000.0,3.926,0.019,39.260000000000005
54486.0,2023091705.0,4117.0,5.608,0.023,56.08
54487.0,2023091700.0,3781.0,5.603,0.029,56.03
54492.0,2023091705.0,4350.0,5.726,0.018,57.26
54495.0,2023091705.0,3928.0,5.059,0.19,50.59
54496.0,2023091702.0,3367.0,5.619,0.022,56.19
54500.0,2023091707.0,4001.0,5.605,0.02,56.050000000000004
54501.0,2023091710.0,3815.0,3.91,0.138,39.1
54502.0,2023091001.0,1232.0,5.938,0.19,59.379999999999995
54503.0,2023091700.0,2911.0,5.474,0.138,54.74
54504.0,2023091008.0,2697.0,5.291,0.075,52.910000000000004
54506.0,2023091703.0,4478.0,4.002,0.052,40.019999999999996
54509.0,2023091704.0,4457.0,4.081,0.235,40.81
54510.0,2023091702.0,3796.0,5.713,0.19,57.13
54511.0,2023090700.0,1422.0,5.692,0.8,56.92
54513.0,2023091706.0,3751.0,5.449,0.029,54.489999999999995
54514.0,2023091800.0,4369.0,5.719,0.022,57.190000000000005
54517.0,2023091801.0,2955.0,4.059,0.02,40.59
54518.0,2023091704.0,3791.0,3.884,0.021,38.839999999999996
54519.0,2023091705.0,4350.0,3.932,0.023,39.32
54520.0,2023091708.0,3082.0,3.834,0.062,38.34
54523.0,2023091000.0,4155.0,5.409,0.04,54.089999999999996
54525.0,2023091702.0,3367.0,5.443,0.021,54.42999999999999
54527.0,2023091705.0,4117.0,5.682,0.02,56.82000000000001
54528.0,2023091701.0,2777.0,4.008,0.03,40.08
54529.0,2023091711.0,2539.0,5.643,0.108,56.43
54531.0,2023091400.0,2694.0,5.489,0.235,54.89
54533.0,2023091801.0,3000.0,6.096,0.028,60.96
54535.0,2023091705.0,3578.0,6.148,0.8,61.48
54536.0,2023091706.0,3512.0,4.294,0.8,42.94
54539.0,2023091700.0,3873.0,3.975,0.03,39.75
54540.0,2023091704.0,3455.0,6.032,0.075,60.32
54543.0,2023091002.0,1048.0,4.496,0.8,44.96000000000001
54544.0,2023091707.0,3010.0,4.998,0.082,49.980000000000004
54545.0,2023091009.0,1802.0,4.066,0.108,40.66
54548.0,2023091011.0,3006.0,5.164,0.041,51.64
54550.0,2023091712.0,991.0,5.593,0.049,55.93
54553.0,2023091710.0,3299.0,3.985,0.037,39.85
54554.0,2023091701.0,3025.0,5.586,0.037,55.86
54556.0,2023091706.0,3751.0,3.813,0.028,38.13
54561.0,2023091704.0,4457.0,4.832,0.8,48.32
54562.0,2023091703.0,4478.0,5.452,0.016,54.519999999999996
54563.0,2023091711.0,3369.0,3.933,0.062,39.33
54564.0,2023091801.0,4431.0,4.076,0.121,40.76
54568.0,2023091705.0,4117.0,5.898,0.098,58.98
54571.0,2023091706.0,3751.0,3.992,0.023,39.92
54572.0,2023091704.0,3200.0,4.065,0.049,40.650000000000006
54574.0,2023091703.0,4179.0,5.562,0.02,55.620000000000005
54577.0,2023091708.0,4145.0,3.889,0.089,38.89
54578.0,2023091711.0,4627.0,5.363,0.037,53.63
54579.0,2023091708.0,4341.0,5.773,0.235,57.73
54580.0,2023091711.0,3794.0,5.582,0.021,55.82
54583.0,2023091400.0,3668.0,6.144,0.024,61.44
54587.0,2023091701.0,3521.0,3.77,0.235,37.7
54588.0,2023091707.0,2817.0,4.209,0.308,42.089999999999996
54590.0,2023091712.0,2853.0,4.053,0.098,40.53
54592.0,2023091801.0,4169.0,4.147,0.235,41.47
54593.0,2023091001.0,3257.0,3.766,0.8,37.66
54594.0,2023091710.0,4152.0,3.996,0.038,39.96
54597.0,2023091700.0,4189.0,4.027,0.033,40.27
54600.0,2023091705.0,4032.0,5.896,0.055,58.96
54603.0,2023091801.0,3000.0,3.912,0.031,39.12
54604.0,2023091702.0,3189.0,3.886,0.055,38.86
54607.0,2023091709.0,3640.0,5.372,0.041,53.72
54608.0,2023091707.0,3520.0,3.936,0.032,39.36
54609.0,2023091711.0,3794.0,3.885,0.021,38.849999999999994
54611.0,2023091708.0,3082.0,5.86,0.043,58.6
54613.0,2023091701.0,2465.0,3.947,0.075,39.47
54614.0,2023091711.0,3747.0,4.011,0.089,40.11
54616.0,2023091700.0,3585.0,3.896,0.138,38.96
54617.0,2023091711.0,3369.0,6.035,0.108,60.35
54618.0,2023091703.0,980.0,6.043,0.026,60.43
54621.0,2023091801.0,4004.0,3.948,0.043,39.48
54622.0,2023091706.0,3981.0,5.355,0.052,53.550000000000004
54629.0,2023091709.0,4397.0,4.028,0.017,40.279999999999994
54632.0,2023091710.0,4103.0,5.712,0.032,57.12
54634.0,2023091400.0,2500.0,4.036,0.121,40.36
54635.0,2023091704.0,1609.0,3.837,0.19,38.370000000000005
54637.0,2023091006.0,4420.0,6.391,0.19,63.91
54639.0,2023091706.0,2465.0,6.32,0.444,63.2
54641.0,2023091710.0,3425.0,5.994,0.058,59.94
54642.0,2023091703.0,2268.0,4.269,0.8,42.69
54644.0,2023091700.0,3506.0,5.119,0.235,51.19
54650.0,2023091701.0,3521.0,5.517,0.031,55.17
54653.0,2023091703.0,3185.0,5.419,0.062,54.19
54657.0,2023091003.0,1805.0,3.715,0.19,37.15
54663.0,2023091400.0,3072.0,3.672,0.235,36.72
54666.0,2023091708.0,2456.0,3.718,0.235,37.18
54669.0,2023091400.0,3117.0,5.841,0.16,58.410000000000004
54673.0,2023091801.0,1304.0,3.887,0.098,38.87
54676.0,2023091709.0,3640.0,4.928,0.138,49.28
54677.0,2023091709.0,3812.0,5.994,0.031,59.94
54679.0,2023091707.0,3600.0,5.401,0.043,54.01
54682.0,2023091703.0,1961.0,5.489,0.138,54.89
54683.0,2023091706.0,2517.0,4.092,0.098,40.919999999999995
54704.0,2023091704.0,4457.0,5.785,0.016,57.85
54708.0,2023091705.0,3928.0,5.577,0.082,55.769999999999996
54716.0,2023091705.0,3695.0,3.938,0.037,39.38
54718.0,2023091709.0,3812.0,5.539,0.028,55.39
54719.0,2023091706.0,3751.0,5.405,0.043,54.050000000000004
54721.0,2023091708.0,3169.0,5.54,0.8,55.4
54723.0,2023091700.0,4212.0,3.93,0.066,39.300000000000004
54727.0,2023091709.0,3812.0,3.937,0.024,39.37
54778.0,2023091706.0,1361.0,4.616,0.8,46.16
54781.0,2023091706.0,3751.0,5.556,0.089,55.56
54807.0,2023091008.0,3745.0,4.974,0.235,49.74
54808.0,2023091011.0,4666.0,5.704,0.029,57.04
54814.0,2023091400.0,4132.0,5.548,0.035,55.480000000000004
54815.0,2023091400.0,4132.0,5.495,0.025,54.95
54833.0,2023091710.0,1485.0,5.604,0.022,56.04
54885.0,2023091705.0,2480.0,3.843,0.121,38.43
54905.0,2023091801.0,2597.0,3.777,0.055,37.77
54936.0,2023091712.0,4453.0,5.678,0.019,56.78
54967.0,2023091711.0,4627.0,4.128,0.033,41.28
54969.0,2023091711.0,3794.0,6.342,0.444,63.419999999999995
54980.0,2023091704.0,4457.0,6.031,0.016,60.309999999999995
55061.0,2023091707.0,3880.0,4.016,0.108,40.16
55075.0,2023091706.0,3266.0,3.882,0.049,38.82
55081.0,2023091707.0,3880.0,5.202,0.07,52.019999999999996
55103.0,2023091709.0,2993.0,6.109,0.444,61.09
55105.0,2023091701.0,936.0,4.5,0.8,45.0
55133.0,2023091800.0,3852.0,3.987,0.029,39.870000000000005
55137.0,2023091704.0,4457.0,5.174,0.018,51.74
55145.0,2023091709.0,2617.0,3.972,0.444,39.72
55149.0,2023091710.0,4103.0,5.846,0.049,58.46
55157.0,2023091710.0,3145.0,3.957,0.062,39.57
55166.0,2023091710.0,4044.0,5.698,0.052,56.980000000000004
55175.0,2023091700.0,4143.0,5.501,0.066,55.010000000000005
55181.0,2023091707.0,4001.0,5.693,0.037,56.92999999999999
55182.0,2023091005.0,3436.0,3.974,0.444,39.74
55184.0,2023091707.0,4001.0,5.468,0.035,54.68
55865.0,2023091800.0,4369.0,3.841,0.019,38.410000000000004
55866.0,2023091704.0,4457.0,3.872,0.015,38.72
55868.0,2023091704.0,1127.0,3.819,0.029,38.19
55869.0,2023091703.0,4179.0,4.997,0.032,49.97
55871.0,2023091009.0,3242.0,4.764,0.8,47.64
55872.0,2023091700.0,3873.0,3.981,0.035,39.81
55876.0,2023091703.0,4179.0,4.026,0.045,40.26
55880.0,2023091711.0,4627.0,5.543,0.033,55.43
55881.0,2023091712.0,3606.0,5.556,0.02,55.56
55882.0,2023091703.0,3361.0,5.426,0.045,54.260000000000005
55884.0,2023091703.0,4478.0,4.012,0.034,40.12
55885.0,2023091707.0,3880.0,3.96,0.049,39.6
55886.0,2023091702.0,3367.0,3.881,0.029,38.809999999999995
55887.0,2023091400.0,4132.0,3.927,0.018,39.27
55888.0,2023091708.0,4341.0,5.915,0.028,59.15
55889.0,2023091701.0,3144.0,3.88,0.024,38.8
55892.0,2023091702.0,189.0,6.096,0.8,60.96
55894.0,2023091011.0,952.0,4.592,0.8,45.919999999999995
55895.0,2023090700.0,1812.0,6.416,0.8,64.16
55897.0,2023091801.0,4004.0,5.475,0.082,54.75
55899.0,2023091703.0,4179.0,3.986,0.022,39.86
55900.0,2023091701.0,3521.0,3.905,0.062,39.05
55902.0,2023091703.0,3544.0,5.666,0.235,56.660000000000004
55904.0,2023091800.0,4369.0,3.89,0.019,38.9
55907.0,2023091700.0,4212.0,3.983,0.028,39.83
55910.0,2023091703.0,4478.0,5.625,0.025,56.25
55915.0,2023091700.0,4212.0,4.048,0.035,40.480000000000004
55917.0,2023091703.0,3361.0,3.916,0.108,39.16
55919.0,2023091707.0,2216.0,4.877,0.308,48.769999999999996
55920.0,2023091705.0,3670.0,3.918,0.07,39.18
55921.0,2023091706.0,3751.0,5.756,0.02,57.56
55923.0,2023091710.0,4152.0,4.126,0.19,41.260000000000005
55925.0,2023091702.0,3367.0,5.418,0.058,54.18
55926.0,2023091705.0,4117.0,3.776,0.16,37.76
55928.0,2023091711.0,4219.0,4.066,0.108,40.66
55931.0,2023091400.0,1025.0,5.967,0.444,59.669999999999995
55934.0,2023091704.0,4457.0,3.892,0.021,38.92
55938.0,2023091708.0,4145.0,3.82,0.055,38.199999999999996
55939.0,2023091801.0,1478.0,4.063,0.138,40.629999999999995
55941.0,2023091712.0,2732.0,6.023,0.098,60.23
55942.0,2023091709.0,2993.0,5.781,0.098,57.809999999999995
55943.0,2023091700.0,3328.0,4.144,0.444,41.44
55944.0,2023091704.0,3791.0,3.719,0.025,37.19
55946.0,2023091707.0,3185.0,4.108,0.055,41.08
55947.0,2023091706.0,2669.0,5.747,0.235,57.47
55949.0,2023091712.0,3606.0,3.997,0.308,39.97
55953.0,2023091705.0,4117.0,3.964,0.121,39.64
55956.0,2023091701.0,3521.0,5.116,0.8,51.16
55958.0,2023091801.0,1407.0,3.9,0.089,39.0
55959.0,2023091708.0,4341.0,3.94,0.032,39.4
55960.0,2023091702.0,3367.0,6.201,0.19,62.01
55965.0,2023091701.0,2055.0,4.303,0.235,43.03
55967.0,2023091400.0,3117.0,5.157,0.098,51.57
55969.0,2023091701.0,3144.0,5.925,0.018,59.25
55980.0,2023091706.0,3981.0,3.861,0.041,38.61
55984.0,2023091705.0,2230.0,6.278,0.235,62.779999999999994
55989.0,2023091702.0,2792.0,5.316,0.8,53.16
55990.0,2023091707.0,3091.0,3.978,0.235,39.78
55997.0,2023091801.0,4169.0,6.324,0.444,63.239999999999995
55998.0,2023091706.0,3981.0,3.927,0.07,39.27
56007.0,2023091801.0,3000.0,6.46,0.308,64.6
56011.0,2023091800.0,4339.0,5.682,0.058,56.82000000000001
56012.0,2023091707.0,2523.0,3.921,0.308,39.21
56024.0,2023091700.0,4189.0,4.066,0.038,40.66
56027.0,2023091704.0,3455.0,3.929,0.19,39.29
56030.0,2023091706.0,1852.0,5.672,0.308,56.72
56032.0,2023091704.0,3791.0,5.578,0.055,55.78
56040.0,2023091012.0,3298.0,4.346,0.8,43.46
56041.0,2023091003.0,2369.0,3.82,0.308,38.199999999999996
56042.0,2023091709.0,4397.0,4.025,0.014,40.25
56045.0,2023091708.0,4145.0,5.404,0.018,54.04
56052.0,2023091011.0,4666.0,3.811,0.038,38.11
56056.0,2023091706.0,3751.0,3.902,0.043,39.02
56070.0,2023091704.0,4375.0,3.906,0.066,39.06
56071.0,2023091702.0,2429.0,3.77,0.8,37.7
56074.0,2023091708.0,4341.0,5.103,0.031,51.03
56075.0,2023091712.0,811.0,4.11,0.047,41.1
56077.0,2023091710.0,3223.0,3.872,0.098,38.72
56084.0,2023091703.0,3733.0,4.439,0.308,44.39
56097.0,2023091700.0,2193.0,6.294,0.075,62.94
56109.0,2023091710.0,4152.0,4.202,0.308,42.019999999999996
56118.0,2023091709.0,2708.0,3.965,0.19,39.65
56141.0,2023091706.0,2321.0,5.642,0.082,56.42
56220.0,2023091700.0,4212.0,3.863,0.089,38.63
56395.0,2023091708.0,3665.0,4.282,0.308,42.82
56405.0,2023091002.0,2942.0,5.652,0.308,56.52
56457.0,2023091710.0,1820.0,4.085,0.444,40.85
56471.0,2023091703.0,3185.0,4.187,0.19,41.870000000000005
56502.0,2023091711.0,3873.0,4.402,0.8,44.02
56513.0,2023091711.0,2998.0,4.29,0.8,42.9
56516.0,2023091700.0,1593.0,4.454,0.8,44.54
56527.0,2023091400.0,3668.0,5.498,0.052,54.980000000000004
56529.0,2023091700.0,2307.0,4.01,0.444,40.099999999999994
56540.0,2023091706.0,3981.0,5.741,0.029,57.41
56541.0,2023091706.0,3241.0,4.081,0.108,40.81
56559.0,2023091711.0,2118.0,3.827,0.8,38.269999999999996
56576.0,2023091707.0,2617.0,4.996,0.8,49.96000000000001
56582.0,2023091707.0,3091.0,4.016,0.19,40.16
56663.0,2023091706.0,3033.0,4.018,0.138,40.18
